policy,episode,step,variables
PPO,4,2,"[{'variable': 'Ventricles', 'value': 112108.8203125, 'lower_bound': -27145.40207, 'upper_bound': 111488.9183929164}]"
PPO,7,12,"[{'variable': 'Ventricles', 'value': 112868.296875, 'lower_bound': -27145.40207, 'upper_bound': 111488.9183929164}]"
PPO,9,10,"[{'variable': 'TAU_data', 'value': 677.3856201171875, 'lower_bound': -98.47862854, 'upper_bound': 671.9238390503378}]"
PPO,11,14,"[{'variable': 'Ventricles', 'value': 112220.6640625, 'lower_bound': -27145.40207, 'upper_bound': 111488.9183929164}]"
PPO,13,15,"[{'variable': 'Ventricles', 'value': 113557.109375, 'lower_bound': -27145.40207, 'upper_bound': 111488.9183929164}]"
PPO,18,10,"[{'variable': 'subject_age', 'value': 94.72000122070312, 'lower_bound': 51.101571202762315, 'upper_bound': 94.64241439147538}]"
PPO,21,10,"[{'variable': 'TAU_data', 'value': 677.3856201171875, 'lower_bound': -98.47862854, 'upper_bound': 671.9238390503378}]"
PPO,23,17,"[{'variable': 'subject_age', 'value': 94.97000122070312, 'lower_bound': 51.101571202762315, 'upper_bound': 94.64241439147538}]"
PPO,30,14,"[{'variable': 'MidTemp', 'value': 9911.8681640625, 'lower_bound': 10037.345003749057, 'upper_bound': 28777.614263053387}]"
PPO,31,2,"[{'variable': 'Ventricles', 'value': 112844.1328125, 'lower_bound': -27145.40207, 'upper_bound': 111488.9183929164}]"
PPO,38,15,"[{'variable': 'Hippocampus', 'value': 3063.947021484375, 'lower_bound': 3070.3752762371696, 'upper_bound': 10433.96150592905}]"
PPO,44,18,"[{'variable': 'Ventricles', 'value': 112212.03125, 'lower_bound': -27145.40207, 'upper_bound': 111488.9183929164}]"
PPO,49,13,"[{'variable': 'ADNI_MEM', 'value': 4.04018497467041, 'lower_bound': -3.31908269, 'upper_bound': 3.966936642178734}]"
PPO,60,17,"[{'variable': 'subject_age', 'value': 95.08999633789062, 'lower_bound': 51.101571202762315, 'upper_bound': 94.64241439147538}]"
PPO,66,6,"[{'variable': 'subject_age', 'value': 94.94999694824219, 'lower_bound': 51.101571202762315, 'upper_bound': 94.64241439147538}]"
PPO,72,1,"[{'variable': 'Ventricles', 'value': 111945.2890625, 'lower_bound': -27145.40207, 'upper_bound': 111488.9183929164}]"
PPO,74,17,"[{'variable': 'Entorhinal', 'value': 965.30029296875, 'lower_bound': 987.6326533633978, 'upper_bound': 6120.5435177160325}]"
PPO,79,19,"[{'variable': 'subject_age', 'value': 95.08999633789062, 'lower_bound': 51.101571202762315, 'upper_bound': 94.64241439147538}]"
PPO,84,19,"[{'variable': 'subject_age', 'value': 94.7699966430664, 'lower_bound': 51.101571202762315, 'upper_bound': 94.64241439147538}]"
PPO,90,11,"[{'variable': 'Ventricles', 'value': 111962.3671875, 'lower_bound': -27145.40207, 'upper_bound': 111488.9183929164}]"
PPO,92,17,"[{'variable': 'subject_age', 'value': 94.80999755859375, 'lower_bound': 51.101571202762315, 'upper_bound': 94.64241439147538}]"
PPO,93,21,"[{'variable': 'subject_age', 'value': 95.0199966430664, 'lower_bound': 51.101571202762315, 'upper_bound': 94.64241439147538}]"
PPO,94,18,"[{'variable': 'Fusiform', 'value': 25857.568359375, 'lower_bound': 8930.411846, 'upper_bound': 25693.10470195099}]"
PPO,97,0,"[{'variable': 'Ventricles', 'value': 114080.53125, 'lower_bound': -27145.40207, 'upper_bound': 111488.9183929164}]"
PPO,104,8,"[{'variable': 'subject_age', 'value': 94.80000305175781, 'lower_bound': 51.101571202762315, 'upper_bound': 94.64241439147538}]"
PPO,111,3,"[{'variable': 'TAU_data', 'value': 680.5438842773438, 'lower_bound': -98.47862854, 'upper_bound': 671.9238390503378}]"
PPO,113,18,"[{'variable': 'subject_age', 'value': 94.86000061035156, 'lower_bound': 51.101571202762315, 'upper_bound': 94.64241439147538}]"
PPO,114,5,"[{'variable': 'Ventricles', 'value': 112055.890625, 'lower_bound': -27145.40207, 'upper_bound': 111488.9183929164}]"
PPO,116,16,"[{'variable': 'subject_age', 'value': 95.04000091552734, 'lower_bound': 51.101571202762315, 'upper_bound': 94.64241439147538}]"
PPO,117,11,"[{'variable': 'subject_age', 'value': 94.69999694824219, 'lower_bound': 51.101571202762315, 'upper_bound': 94.64241439147538}]"
PPO,127,5,"[{'variable': 'Ventricles', 'value': 112055.890625, 'lower_bound': -27145.40207, 'upper_bound': 111488.9183929164}]"
PPO,129,3,"[{'variable': 'Ventricles', 'value': 111644.7109375, 'lower_bound': -27145.40207, 'upper_bound': 111488.9183929164}]"
PPO,132,2,"[{'variable': 'Ventricles', 'value': 112844.1328125, 'lower_bound': -27145.40207, 'upper_bound': 111488.9183929164}]"
PPO,135,2,"[{'variable': 'Ventricles', 'value': 112368.6796875, 'lower_bound': -27145.40207, 'upper_bound': 111488.9183929164}]"
PPO,136,14,"[{'variable': 'subject_age', 'value': 94.80000305175781, 'lower_bound': 51.101571202762315, 'upper_bound': 94.64241439147538}]"
PPO,141,11,"[{'variable': 'Ventricles', 'value': 112126.21875, 'lower_bound': -27145.40207, 'upper_bound': 111488.9183929164}]"
PPO,142,20,"[{'variable': 'TAU_data', 'value': 672.2801513671875, 'lower_bound': -98.47862854, 'upper_bound': 671.9238390503378}]"
PPO,144,5,"[{'variable': 'TAU_data', 'value': 674.1788940429688, 'lower_bound': -98.47862854, 'upper_bound': 671.9238390503378}]"
PPO,150,12,"[{'variable': 'Hippocampus', 'value': 3009.870361328125, 'lower_bound': 3070.3752762371696, 'upper_bound': 10433.96150592905}]"
PPO,156,17,"[{'variable': 'subject_age', 'value': 94.91999816894531, 'lower_bound': 51.101571202762315, 'upper_bound': 94.64241439147538}]"
PPO,157,9,"[{'variable': 'Ventricles', 'value': 113819.8125, 'lower_bound': -27145.40207, 'upper_bound': 111488.9183929164}]"
PPO,161,13,"[{'variable': 'Entorhinal', 'value': 6133.80517578125, 'lower_bound': 987.6326533633978, 'upper_bound': 6120.5435177160325}]"
PPO,164,17,"[{'variable': 'subject_age', 'value': 94.80999755859375, 'lower_bound': 51.101571202762315, 'upper_bound': 94.64241439147538}]"
PPO,169,0,"[{'variable': 'TAU_data', 'value': 722.6537475585938, 'lower_bound': -98.47862854, 'upper_bound': 671.9238390503378}]"
PPO,171,20,"[{'variable': 'subject_age', 'value': 94.93000030517578, 'lower_bound': 51.101571202762315, 'upper_bound': 94.64241439147538}]"
PPO,172,17,"[{'variable': 'subject_age', 'value': 94.94999694824219, 'lower_bound': 51.101571202762315, 'upper_bound': 94.64241439147538}]"
PPO,179,1,"[{'variable': 'TAU_data', 'value': 680.0022583007812, 'lower_bound': -98.47862854, 'upper_bound': 671.9238390503378}]"
PPO,182,20,"[{'variable': 'subject_age', 'value': 94.9800033569336, 'lower_bound': 51.101571202762315, 'upper_bound': 94.64241439147538}]"
PPO,183,0,"[{'variable': 'TAU_data', 'value': 722.6537475585938, 'lower_bound': -98.47862854, 'upper_bound': 671.9238390503378}]"
PPO,184,3,"[{'variable': 'ADNI_MEM', 'value': 4.0713677406311035, 'lower_bound': -3.31908269, 'upper_bound': 3.966936642178734}]"
PPO,190,9,"[{'variable': 'Ventricles', 'value': 111872.7109375, 'lower_bound': -27145.40207, 'upper_bound': 111488.9183929164}]"
PPO,191,11,"[{'variable': 'Ventricles', 'value': 112126.21875, 'lower_bound': -27145.40207, 'upper_bound': 111488.9183929164}]"
PPO,192,14,"[{'variable': 'ADNI_MEM', 'value': 3.993520498275757, 'lower_bound': -3.31908269, 'upper_bound': 3.966936642178734}]"
PPO,201,0,"[{'variable': 'Ventricles', 'value': 116947.5078125, 'lower_bound': -27145.40207, 'upper_bound': 111488.9183929164}]"
PPO,205,0,"[{'variable': 'Ventricles', 'value': 138280.25, 'lower_bound': -27145.40207, 'upper_bound': 111488.9183929164}, {'variable': 'ICV', 'value': 2313481.25, 'lower_bound': 1007825.0712592078, 'upper_bound': 2037697.0662990797}]"
PPO,209,20,"[{'variable': 'MidTemp', 'value': 10006.1875, 'lower_bound': 10037.345003749057, 'upper_bound': 28777.614263053387}]"
PPO,210,0,"[{'variable': 'TAU_data', 'value': 765.2345581054688, 'lower_bound': -98.47862854, 'upper_bound': 671.9238390503378}]"
PPO,214,7,"[{'variable': 'subject_age', 'value': 94.86000061035156, 'lower_bound': 51.101571202762315, 'upper_bound': 94.64241439147538}]"
PPO,215,17,"[{'variable': 'ICV', 'value': 983308.375, 'lower_bound': 1007825.0712592078, 'upper_bound': 2037697.0662990797}]"
PPO,216,14,"[{'variable': 'Fusiform', 'value': 8695.4326171875, 'lower_bound': 8930.411846, 'upper_bound': 25693.10470195099}]"
PPO,217,5,"[{'variable': 'TAU_data', 'value': 674.1788940429688, 'lower_bound': -98.47862854, 'upper_bound': 671.9238390503378}]"
PPO,218,4,"[{'variable': 'ADNI_MEM', 'value': 3.9956982135772705, 'lower_bound': -3.31908269, 'upper_bound': 3.966936642178734}]"
PPO,223,1,"[{'variable': 'Ventricles', 'value': 111945.2890625, 'lower_bound': -27145.40207, 'upper_bound': 111488.9183929164}]"
PPO,229,19,"[{'variable': 'subject_age', 'value': 94.87000274658203, 'lower_bound': 51.101571202762315, 'upper_bound': 94.64241439147538}]"
PPO,240,20,"[{'variable': 'Fusiform', 'value': 25789.6015625, 'lower_bound': 8930.411846, 'upper_bound': 25693.10470195099}]"
PPO,243,0,"[{'variable': 'TAU_data', 'value': 765.2345581054688, 'lower_bound': -98.47862854, 'upper_bound': 671.9238390503378}]"
PPO,247,19,"[{'variable': 'subject_age', 'value': 94.79000091552734, 'lower_bound': 51.101571202762315, 'upper_bound': 94.64241439147538}]"
PPO,253,6,"[{'variable': 'Ventricles', 'value': 112561.8828125, 'lower_bound': -27145.40207, 'upper_bound': 111488.9183929164}]"
PPO,265,15,"[{'variable': 'subject_age', 'value': 94.80999755859375, 'lower_bound': 51.101571202762315, 'upper_bound': 94.64241439147538}]"
PPO,271,17,"[{'variable': 'subject_age', 'value': 94.97000122070312, 'lower_bound': 51.101571202762315, 'upper_bound': 94.64241439147538}]"
PPO,274,14,"[{'variable': 'Hippocampus', 'value': 3020.38134765625, 'lower_bound': 3070.3752762371696, 'upper_bound': 10433.96150592905}]"
PPO,276,9,"[{'variable': 'Ventricles', 'value': 111533.953125, 'lower_bound': -27145.40207, 'upper_bound': 111488.9183929164}]"
PPO,279,19,"[{'variable': 'subject_age', 'value': 94.87000274658203, 'lower_bound': 51.101571202762315, 'upper_bound': 94.64241439147538}]"
PPO,280,8,"[{'variable': 'Ventricles', 'value': 115259.0234375, 'lower_bound': -27145.40207, 'upper_bound': 111488.9183929164}]"
PPO,285,21,"[{'variable': 'TAU_data', 'value': 674.0801391601562, 'lower_bound': -98.47862854, 'upper_bound': 671.9238390503378}]"
PPO,289,11,"[{'variable': 'TAU_data', 'value': 673.9053344726562, 'lower_bound': -98.47862854, 'upper_bound': 671.9238390503378}]"
PPO,294,21,"[{'variable': 'subject_age', 'value': 94.76000213623047, 'lower_bound': 51.101571202762315, 'upper_bound': 94.64241439147538}]"
PPO,306,21,"[{'variable': 'Ventricles', 'value': 114441.1953125, 'lower_bound': -27145.40207, 'upper_bound': 111488.9183929164}]"
PPO,308,21,"[{'variable': 'subject_age', 'value': 94.73999786376953, 'lower_bound': 51.101571202762315, 'upper_bound': 94.64241439147538}]"
PPO,310,11,"[{'variable': 'ADNI_MEM', 'value': 4.04349946975708, 'lower_bound': -3.31908269, 'upper_bound': 3.966936642178734}]"
PPO,311,21,"[{'variable': 'subject_age', 'value': 94.73999786376953, 'lower_bound': 51.101571202762315, 'upper_bound': 94.64241439147538}]"
PPO,312,0,"[{'variable': 'TAU_data', 'value': 741.9127197265625, 'lower_bound': -98.47862854, 'upper_bound': 671.9238390503378}]"
PPO,318,10,"[{'variable': 'subject_age', 'value': 95.13999938964844, 'lower_bound': 51.101571202762315, 'upper_bound': 94.64241439147538}]"
PPO,321,10,"[{'variable': 'subject_age', 'value': 94.6500015258789, 'lower_bound': 51.101571202762315, 'upper_bound': 94.64241439147538}]"
PPO,322,6,"[{'variable': 'Ventricles', 'value': 113087.515625, 'lower_bound': -27145.40207, 'upper_bound': 111488.9183929164}]"
PPO,324,15,"[{'variable': 'Ventricles', 'value': 112528.90625, 'lower_bound': -27145.40207, 'upper_bound': 111488.9183929164}]"
PPO,325,5,"[{'variable': 'Ventricles', 'value': 112055.890625, 'lower_bound': -27145.40207, 'upper_bound': 111488.9183929164}]"
PPO,328,17,"[{'variable': 'ICV', 'value': 984339.1875, 'lower_bound': 1007825.0712592078, 'upper_bound': 2037697.0662990797}]"
PPO,334,8,"[{'variable': 'subject_age', 'value': 94.83000183105469, 'lower_bound': 51.101571202762315, 'upper_bound': 94.64241439147538}]"
PPO,336,8,"[{'variable': 'Ventricles', 'value': 113510.9609375, 'lower_bound': -27145.40207, 'upper_bound': 111488.9183929164}]"
PPO,338,0,"[{'variable': 'TAU_data', 'value': 709.0325317382812, 'lower_bound': -98.47862854, 'upper_bound': 671.9238390503378}]"
PPO,345,17,"[{'variable': 'ICV', 'value': 1004058.125, 'lower_bound': 1007825.0712592078, 'upper_bound': 2037697.0662990797}]"
PPO,349,12,"[{'variable': 'Entorhinal', 'value': 975.3594970703125, 'lower_bound': 987.6326533633978, 'upper_bound': 6120.5435177160325}]"
PPO,353,5,"[{'variable': 'Ventricles', 'value': 114326.375, 'lower_bound': -27145.40207, 'upper_bound': 111488.9183929164}]"
PPO,354,16,"[{'variable': 'subject_age', 'value': 95.04000091552734, 'lower_bound': 51.101571202762315, 'upper_bound': 94.64241439147538}]"
PPO,355,11,"[{'variable': 'ADNI_MEM', 'value': 4.04349946975708, 'lower_bound': -3.31908269, 'upper_bound': 3.966936642178734}]"
PPO,356,19,"[{'variable': 'subject_age', 'value': 95.08000183105469, 'lower_bound': 51.101571202762315, 'upper_bound': 94.64241439147538}]"
PPO,363,2,"[{'variable': 'Ventricles', 'value': 112844.1328125, 'lower_bound': -27145.40207, 'upper_bound': 111488.9183929164}]"
PPO,382,0,"[{'variable': 'Ventricles', 'value': 121429.8359375, 'lower_bound': -27145.40207, 'upper_bound': 111488.9183929164}]"
PPO,384,0,"[{'variable': 'TAU_data', 'value': 785.0360107421875, 'lower_bound': -98.47862854, 'upper_bound': 671.9238390503378}]"
PPO,392,16,"[{'variable': 'subject_age', 'value': 94.86000061035156, 'lower_bound': 51.101571202762315, 'upper_bound': 94.64241439147538}]"
PPO,400,14,"[{'variable': 'Ventricles', 'value': 112220.6640625, 'lower_bound': -27145.40207, 'upper_bound': 111488.9183929164}]"
PPO,405,19,"[{'variable': 'subject_age', 'value': 95.08000183105469, 'lower_bound': 51.101571202762315, 'upper_bound': 94.64241439147538}]"
PPO,412,5,"[{'variable': 'TAU_data', 'value': 673.4613647460938, 'lower_bound': -98.47862854, 'upper_bound': 671.9238390503378}]"
PPO,417,0,"[{'variable': 'MidTemp', 'value': 9320.166015625, 'lower_bound': 10037.345003749057, 'upper_bound': 28777.614263053387}]"
PPO,419,18,"[{'variable': 'subject_age', 'value': 94.86000061035156, 'lower_bound': 51.101571202762315, 'upper_bound': 94.64241439147538}]"
PPO,421,17,"[{'variable': 'ICV', 'value': 1005910.0625, 'lower_bound': 1007825.0712592078, 'upper_bound': 2037697.0662990797}]"
PPO,422,0,"[{'variable': 'TAU_data', 'value': 865.2316284179688, 'lower_bound': -98.47862854, 'upper_bound': 671.9238390503378}]"
PPO,427,13,"[{'variable': 'ADNI_MEM', 'value': -3.4791600704193115, 'lower_bound': -3.31908269, 'upper_bound': 3.966936642178734}]"
PPO,431,5,"[{'variable': 'Ventricles', 'value': 112140.6484375, 'lower_bound': -27145.40207, 'upper_bound': 111488.9183929164}]"
PPO,433,15,"[{'variable': 'subject_age', 'value': 94.80999755859375, 'lower_bound': 51.101571202762315, 'upper_bound': 94.64241439147538}]"
PPO,436,5,"[{'variable': 'Ventricles', 'value': 114326.375, 'lower_bound': -27145.40207, 'upper_bound': 111488.9183929164}]"
PPO,445,18,"[{'variable': 'subject_age', 'value': 94.8499984741211, 'lower_bound': 51.101571202762315, 'upper_bound': 94.64241439147538}]"
PPO,446,13,"[{'variable': 'subject_age', 'value': 94.8499984741211, 'lower_bound': 51.101571202762315, 'upper_bound': 94.64241439147538}]"
PPO,464,10,"[{'variable': 'Ventricles', 'value': 113227.0390625, 'lower_bound': -27145.40207, 'upper_bound': 111488.9183929164}]"
PPO,468,0,"[{'variable': 'Ventricles', 'value': 114080.53125, 'lower_bound': -27145.40207, 'upper_bound': 111488.9183929164}]"
PPO,470,8,"[{'variable': 'subject_age', 'value': 94.80000305175781, 'lower_bound': 51.101571202762315, 'upper_bound': 94.64241439147538}]"
PPO,472,11,"[{'variable': 'ADNI_MEM', 'value': 4.141330718994141, 'lower_bound': -3.31908269, 'upper_bound': 3.966936642178734}]"
PPO,473,15,"[{'variable': 'subject_age', 'value': 94.80999755859375, 'lower_bound': 51.101571202762315, 'upper_bound': 94.64241439147538}]"
PPO,474,7,"[{'variable': 'ADNI_MEM', 'value': 3.973914623260498, 'lower_bound': -3.31908269, 'upper_bound': 3.966936642178734}]"
PPO,477,9,"[{'variable': 'subject_age', 'value': 95.04000091552734, 'lower_bound': 51.101571202762315, 'upper_bound': 94.64241439147538}]"
PPO,478,19,"[{'variable': 'subject_age', 'value': 94.79000091552734, 'lower_bound': 51.101571202762315, 'upper_bound': 94.64241439147538}]"
PPO,480,8,"[{'variable': 'subject_age', 'value': 94.83000183105469, 'lower_bound': 51.101571202762315, 'upper_bound': 94.64241439147538}]"
PPO,481,2,"[{'variable': 'Fusiform', 'value': 8467.787109375, 'lower_bound': 8930.411846, 'upper_bound': 25693.10470195099}]"
PPO,488,17,"[{'variable': 'ICV', 'value': 1004058.125, 'lower_bound': 1007825.0712592078, 'upper_bound': 2037697.0662990797}]"
PPO,490,16,"[{'variable': 'subject_age', 'value': 95.04000091552734, 'lower_bound': 51.101571202762315, 'upper_bound': 94.64241439147538}]"
PPO,491,21,"[{'variable': 'Ventricles', 'value': 114441.1953125, 'lower_bound': -27145.40207, 'upper_bound': 111488.9183929164}]"
PPO,496,5,"[{'variable': 'Ventricles', 'value': 114326.375, 'lower_bound': -27145.40207, 'upper_bound': 111488.9183929164}]"
SAC,3,7,"[{'variable': 'Fusiform', 'value': 8929.19921875, 'lower_bound': 8930.411846, 'upper_bound': 25693.10470195099}]"
SAC,4,1,"[{'variable': 'Ventricles', 'value': 113639.8359375, 'lower_bound': -27145.40207, 'upper_bound': 111488.9183929164}]"
SAC,7,13,"[{'variable': 'Ventricles', 'value': 113558.859375, 'lower_bound': -27145.40207, 'upper_bound': 111488.9183929164}]"
SAC,11,13,"[{'variable': 'Ventricles', 'value': 114150.6015625, 'lower_bound': -27145.40207, 'upper_bound': 111488.9183929164}]"
SAC,13,12,"[{'variable': 'ICV', 'value': 2063507.375, 'lower_bound': 1007825.0712592078, 'upper_bound': 2037697.0662990797}]"
SAC,18,10,"[{'variable': 'subject_age', 'value': 94.72000122070312, 'lower_bound': 51.101571202762315, 'upper_bound': 94.64241439147538}]"
SAC,23,17,"[{'variable': 'subject_age', 'value': 94.97000122070312, 'lower_bound': 51.101571202762315, 'upper_bound': 94.64241439147538}]"
SAC,26,13,"[{'variable': 'ADNI_MEM', 'value': 4.0466694831848145, 'lower_bound': -3.31908269, 'upper_bound': 3.966936642178734}]"
SAC,30,19,"[{'variable': 'MidTemp', 'value': 9698.5322265625, 'lower_bound': 10037.345003749057, 'upper_bound': 28777.614263053387}]"
SAC,31,6,"[{'variable': 'Ventricles', 'value': 111557.3671875, 'lower_bound': -27145.40207, 'upper_bound': 111488.9183929164}]"
SAC,43,13,"[{'variable': 'ADNI_MEM', 'value': 4.012872219085693, 'lower_bound': -3.31908269, 'upper_bound': 3.966936642178734}]"
SAC,49,9,"[{'variable': 'ADNI_MEM', 'value': 3.9758341312408447, 'lower_bound': -3.31908269, 'upper_bound': 3.966936642178734}]"
SAC,60,17,"[{'variable': 'subject_age', 'value': 95.08999633789062, 'lower_bound': 51.101571202762315, 'upper_bound': 94.64241439147538}]"
SAC,66,6,"[{'variable': 'subject_age', 'value': 94.94999694824219, 'lower_bound': 51.101571202762315, 'upper_bound': 94.64241439147538}]"
SAC,72,3,"[{'variable': 'Ventricles', 'value': 113052.2109375, 'lower_bound': -27145.40207, 'upper_bound': 111488.9183929164}]"
SAC,74,4,"[{'variable': 'Entorhinal', 'value': 948.47802734375, 'lower_bound': 987.6326533633978, 'upper_bound': 6120.5435177160325}]"
SAC,79,19,"[{'variable': 'subject_age', 'value': 95.08999633789062, 'lower_bound': 51.101571202762315, 'upper_bound': 94.64241439147538}]"
SAC,84,19,"[{'variable': 'subject_age', 'value': 94.7699966430664, 'lower_bound': 51.101571202762315, 'upper_bound': 94.64241439147538}]"
SAC,90,13,"[{'variable': 'Ventricles', 'value': 112717.2109375, 'lower_bound': -27145.40207, 'upper_bound': 111488.9183929164}]"
SAC,92,17,"[{'variable': 'subject_age', 'value': 94.80999755859375, 'lower_bound': 51.101571202762315, 'upper_bound': 94.64241439147538}]"
SAC,93,21,"[{'variable': 'subject_age', 'value': 95.0199966430664, 'lower_bound': 51.101571202762315, 'upper_bound': 94.64241439147538}]"
SAC,97,0,"[{'variable': 'Ventricles', 'value': 118166.9296875, 'lower_bound': -27145.40207, 'upper_bound': 111488.9183929164}, {'variable': 'ICV', 'value': 2055959.75, 'lower_bound': 1007825.0712592078, 'upper_bound': 2037697.0662990797}]"
SAC,104,8,"[{'variable': 'subject_age', 'value': 94.80000305175781, 'lower_bound': 51.101571202762315, 'upper_bound': 94.64241439147538}]"
SAC,113,18,"[{'variable': 'subject_age', 'value': 94.86000061035156, 'lower_bound': 51.101571202762315, 'upper_bound': 94.64241439147538}]"
SAC,114,6,"[{'variable': 'Ventricles', 'value': 112489.9296875, 'lower_bound': -27145.40207, 'upper_bound': 111488.9183929164}]"
SAC,116,16,"[{'variable': 'subject_age', 'value': 95.04000091552734, 'lower_bound': 51.101571202762315, 'upper_bound': 94.64241439147538}]"
SAC,117,11,"[{'variable': 'subject_age', 'value': 94.69999694824219, 'lower_bound': 51.101571202762315, 'upper_bound': 94.64241439147538}]"
SAC,127,6,"[{'variable': 'Ventricles', 'value': 112489.9296875, 'lower_bound': -27145.40207, 'upper_bound': 111488.9183929164}]"
SAC,129,11,"[{'variable': 'Ventricles', 'value': 113322.359375, 'lower_bound': -27145.40207, 'upper_bound': 111488.9183929164}]"
SAC,130,0,"[{'variable': 'WholeBrain', 'value': 1405532.0, 'lower_bound': 680604.8749597732, 'upper_bound': 1346053.4112888516}]"
SAC,132,6,"[{'variable': 'Ventricles', 'value': 111557.3671875, 'lower_bound': -27145.40207, 'upper_bound': 111488.9183929164}]"
SAC,135,1,"[{'variable': 'Ventricles', 'value': 115082.5703125, 'lower_bound': -27145.40207, 'upper_bound': 111488.9183929164}]"
SAC,136,14,"[{'variable': 'subject_age', 'value': 94.80000305175781, 'lower_bound': 51.101571202762315, 'upper_bound': 94.64241439147538}]"
SAC,141,12,"[{'variable': 'Ventricles', 'value': 111901.9609375, 'lower_bound': -27145.40207, 'upper_bound': 111488.9183929164}]"
SAC,144,5,"[{'variable': 'TAU_data', 'value': 673.629150390625, 'lower_bound': -98.47862854, 'upper_bound': 671.9238390503378}]"
SAC,156,17,"[{'variable': 'subject_age', 'value': 94.91999816894531, 'lower_bound': 51.101571202762315, 'upper_bound': 94.64241439147538}]"
SAC,157,11,"[{'variable': 'Ventricles', 'value': 111839.1875, 'lower_bound': -27145.40207, 'upper_bound': 111488.9183929164}]"
SAC,161,21,"[{'variable': 'Entorhinal', 'value': 6131.89208984375, 'lower_bound': 987.6326533633978, 'upper_bound': 6120.5435177160325}]"
SAC,164,17,"[{'variable': 'subject_age', 'value': 94.80999755859375, 'lower_bound': 51.101571202762315, 'upper_bound': 94.64241439147538}]"
SAC,169,0,"[{'variable': 'TAU_data', 'value': 728.6238403320312, 'lower_bound': -98.47862854, 'upper_bound': 671.9238390503378}]"
SAC,171,20,"[{'variable': 'subject_age', 'value': 94.93000030517578, 'lower_bound': 51.101571202762315, 'upper_bound': 94.64241439147538}]"
SAC,172,17,"[{'variable': 'subject_age', 'value': 94.94999694824219, 'lower_bound': 51.101571202762315, 'upper_bound': 94.64241439147538}]"
SAC,179,10,"[{'variable': 'TAU_data', 'value': 673.1979370117188, 'lower_bound': -98.47862854, 'upper_bound': 671.9238390503378}]"
SAC,182,20,"[{'variable': 'subject_age', 'value': 94.9800033569336, 'lower_bound': 51.101571202762315, 'upper_bound': 94.64241439147538}]"
SAC,183,0,"[{'variable': 'TAU_data', 'value': 728.6238403320312, 'lower_bound': -98.47862854, 'upper_bound': 671.9238390503378}]"
SAC,184,5,"[{'variable': 'ADNI_MEM', 'value': 3.978536605834961, 'lower_bound': -3.31908269, 'upper_bound': 3.966936642178734}]"
SAC,190,4,"[{'variable': 'Ventricles', 'value': 113505.6953125, 'lower_bound': -27145.40207, 'upper_bound': 111488.9183929164}]"
SAC,191,12,"[{'variable': 'Ventricles', 'value': 111901.9609375, 'lower_bound': -27145.40207, 'upper_bound': 111488.9183929164}]"
SAC,201,0,"[{'variable': 'Ventricles', 'value': 114478.796875, 'lower_bound': -27145.40207, 'upper_bound': 111488.9183929164}]"
SAC,205,0,"[{'variable': 'Ventricles', 'value': 134138.484375, 'lower_bound': -27145.40207, 'upper_bound': 111488.9183929164}, {'variable': 'ICV', 'value': 2279021.25, 'lower_bound': 1007825.0712592078, 'upper_bound': 2037697.0662990797}]"
SAC,206,9,"[{'variable': 'MidTemp', 'value': 10020.154296875, 'lower_bound': 10037.345003749057, 'upper_bound': 28777.614263053387}]"
SAC,209,8,"[{'variable': 'MidTemp', 'value': 9980.31640625, 'lower_bound': 10037.345003749057, 'upper_bound': 28777.614263053387}]"
SAC,210,0,"[{'variable': 'TAU_data', 'value': 743.4314575195312, 'lower_bound': -98.47862854, 'upper_bound': 671.9238390503378}]"
SAC,214,7,"[{'variable': 'subject_age', 'value': 94.86000061035156, 'lower_bound': 51.101571202762315, 'upper_bound': 94.64241439147538}]"
SAC,217,5,"[{'variable': 'TAU_data', 'value': 673.629150390625, 'lower_bound': -98.47862854, 'upper_bound': 671.9238390503378}]"
SAC,223,3,"[{'variable': 'Ventricles', 'value': 113052.2109375, 'lower_bound': -27145.40207, 'upper_bound': 111488.9183929164}]"
SAC,224,14,"[{'variable': 'ADNI_MEM', 'value': 3.9845149517059326, 'lower_bound': -3.31908269, 'upper_bound': 3.966936642178734}]"
SAC,229,6,"[{'variable': 'Ventricles', 'value': 113358.9765625, 'lower_bound': -27145.40207, 'upper_bound': 111488.9183929164}]"
SAC,243,0,"[{'variable': 'TAU_data', 'value': 743.4314575195312, 'lower_bound': -98.47862854, 'upper_bound': 671.9238390503378}]"
SAC,247,19,"[{'variable': 'subject_age', 'value': 94.79000091552734, 'lower_bound': 51.101571202762315, 'upper_bound': 94.64241439147538}]"
SAC,253,4,"[{'variable': 'Ventricles', 'value': 113533.3359375, 'lower_bound': -27145.40207, 'upper_bound': 111488.9183929164}]"
SAC,265,15,"[{'variable': 'subject_age', 'value': 94.80999755859375, 'lower_bound': 51.101571202762315, 'upper_bound': 94.64241439147538}]"
SAC,268,7,"[{'variable': 'MidTemp', 'value': 9931.0146484375, 'lower_bound': 10037.345003749057, 'upper_bound': 28777.614263053387}]"
SAC,271,17,"[{'variable': 'subject_age', 'value': 94.97000122070312, 'lower_bound': 51.101571202762315, 'upper_bound': 94.64241439147538}]"
SAC,274,8,"[{'variable': 'Hippocampus', 'value': 3010.70361328125, 'lower_bound': 3070.3752762371696, 'upper_bound': 10433.96150592905}]"
SAC,276,4,"[{'variable': 'Ventricles', 'value': 113362.7265625, 'lower_bound': -27145.40207, 'upper_bound': 111488.9183929164}]"
SAC,279,6,"[{'variable': 'Ventricles', 'value': 113358.9765625, 'lower_bound': -27145.40207, 'upper_bound': 111488.9183929164}]"
SAC,280,13,"[{'variable': 'Ventricles', 'value': 111844.265625, 'lower_bound': -27145.40207, 'upper_bound': 111488.9183929164}]"
SAC,294,21,"[{'variable': 'subject_age', 'value': 94.76000213623047, 'lower_bound': 51.101571202762315, 'upper_bound': 94.64241439147538}]"
SAC,308,21,"[{'variable': 'subject_age', 'value': 94.73999786376953, 'lower_bound': 51.101571202762315, 'upper_bound': 94.64241439147538}]"
SAC,310,11,"[{'variable': 'ADNI_MEM', 'value': 3.988598346710205, 'lower_bound': -3.31908269, 'upper_bound': 3.966936642178734}]"
SAC,311,21,"[{'variable': 'subject_age', 'value': 94.73999786376953, 'lower_bound': 51.101571202762315, 'upper_bound': 94.64241439147538}]"
SAC,312,0,"[{'variable': 'TAU_data', 'value': 687.8501586914062, 'lower_bound': -98.47862854, 'upper_bound': 671.9238390503378}]"
SAC,318,10,"[{'variable': 'subject_age', 'value': 95.13999938964844, 'lower_bound': 51.101571202762315, 'upper_bound': 94.64241439147538}]"
SAC,321,10,"[{'variable': 'subject_age', 'value': 94.6500015258789, 'lower_bound': 51.101571202762315, 'upper_bound': 94.64241439147538}]"
SAC,322,1,"[{'variable': 'Ventricles', 'value': 112651.671875, 'lower_bound': -27145.40207, 'upper_bound': 111488.9183929164}]"
SAC,324,17,"[{'variable': 'Ventricles', 'value': 112488.8046875, 'lower_bound': -27145.40207, 'upper_bound': 111488.9183929164}]"
SAC,325,6,"[{'variable': 'Ventricles', 'value': 112489.9296875, 'lower_bound': -27145.40207, 'upper_bound': 111488.9183929164}]"
SAC,329,19,"[{'variable': 'subject_age', 'value': 94.83999633789062, 'lower_bound': 51.101571202762315, 'upper_bound': 94.64241439147538}]"
SAC,334,8,"[{'variable': 'subject_age', 'value': 94.83000183105469, 'lower_bound': 51.101571202762315, 'upper_bound': 94.64241439147538}]"
SAC,336,11,"[{'variable': 'Ventricles', 'value': 113920.875, 'lower_bound': -27145.40207, 'upper_bound': 111488.9183929164}]"
SAC,338,5,"[{'variable': 'TAU_data', 'value': 677.44482421875, 'lower_bound': -98.47862854, 'upper_bound': 671.9238390503378}]"
SAC,353,7,"[{'variable': 'Ventricles', 'value': 112829.5, 'lower_bound': -27145.40207, 'upper_bound': 111488.9183929164}]"
SAC,354,16,"[{'variable': 'subject_age', 'value': 95.04000091552734, 'lower_bound': 51.101571202762315, 'upper_bound': 94.64241439147538}]"
SAC,355,11,"[{'variable': 'ADNI_MEM', 'value': 3.988598346710205, 'lower_bound': -3.31908269, 'upper_bound': 3.966936642178734}]"
SAC,356,19,"[{'variable': 'subject_age', 'value': 95.08000183105469, 'lower_bound': 51.101571202762315, 'upper_bound': 94.64241439147538}]"
SAC,363,6,"[{'variable': 'Ventricles', 'value': 111557.3671875, 'lower_bound': -27145.40207, 'upper_bound': 111488.9183929164}]"
SAC,382,0,"[{'variable': 'Ventricles', 'value': 116765.8125, 'lower_bound': -27145.40207, 'upper_bound': 111488.9183929164}]"
SAC,384,0,"[{'variable': 'TAU_data', 'value': 789.1253051757812, 'lower_bound': -98.47862854, 'upper_bound': 671.9238390503378}]"
SAC,386,13,"[{'variable': 'ADNI_MEM', 'value': 4.012872219085693, 'lower_bound': -3.31908269, 'upper_bound': 3.966936642178734}]"
SAC,392,16,"[{'variable': 'subject_age', 'value': 94.86000061035156, 'lower_bound': 51.101571202762315, 'upper_bound': 94.64241439147538}]"
SAC,400,13,"[{'variable': 'Ventricles', 'value': 114150.6015625, 'lower_bound': -27145.40207, 'upper_bound': 111488.9183929164}]"
SAC,401,15,"[{'variable': 'MidTemp', 'value': 9951.646484375, 'lower_bound': 10037.345003749057, 'upper_bound': 28777.614263053387}]"
SAC,405,19,"[{'variable': 'subject_age', 'value': 95.08000183105469, 'lower_bound': 51.101571202762315, 'upper_bound': 94.64241439147538}]"
SAC,415,7,"[{'variable': 'MidTemp', 'value': 9931.0146484375, 'lower_bound': 10037.345003749057, 'upper_bound': 28777.614263053387}]"
SAC,417,0,"[{'variable': 'MidTemp', 'value': 8726.9580078125, 'lower_bound': 10037.345003749057, 'upper_bound': 28777.614263053387}]"
SAC,419,18,"[{'variable': 'subject_age', 'value': 94.86000061035156, 'lower_bound': 51.101571202762315, 'upper_bound': 94.64241439147538}]"
SAC,422,0,"[{'variable': 'TAU_data', 'value': 771.7301025390625, 'lower_bound': -98.47862854, 'upper_bound': 671.9238390503378}]"
SAC,431,5,"[{'variable': 'Ventricles', 'value': 112497.7421875, 'lower_bound': -27145.40207, 'upper_bound': 111488.9183929164}]"
SAC,433,15,"[{'variable': 'subject_age', 'value': 94.80999755859375, 'lower_bound': 51.101571202762315, 'upper_bound': 94.64241439147538}]"
SAC,436,7,"[{'variable': 'Ventricles', 'value': 112829.5, 'lower_bound': -27145.40207, 'upper_bound': 111488.9183929164}]"
SAC,445,18,"[{'variable': 'subject_age', 'value': 94.8499984741211, 'lower_bound': 51.101571202762315, 'upper_bound': 94.64241439147538}]"
SAC,446,13,"[{'variable': 'subject_age', 'value': 94.8499984741211, 'lower_bound': 51.101571202762315, 'upper_bound': 94.64241439147538}]"
SAC,464,13,"[{'variable': 'Ventricles', 'value': 112329.625, 'lower_bound': -27145.40207, 'upper_bound': 111488.9183929164}]"
SAC,468,0,"[{'variable': 'Ventricles', 'value': 118166.9296875, 'lower_bound': -27145.40207, 'upper_bound': 111488.9183929164}, {'variable': 'ICV', 'value': 2055959.75, 'lower_bound': 1007825.0712592078, 'upper_bound': 2037697.0662990797}]"
SAC,470,8,"[{'variable': 'subject_age', 'value': 94.80000305175781, 'lower_bound': 51.101571202762315, 'upper_bound': 94.64241439147538}]"
SAC,473,15,"[{'variable': 'subject_age', 'value': 94.80999755859375, 'lower_bound': 51.101571202762315, 'upper_bound': 94.64241439147538}]"
SAC,477,9,"[{'variable': 'subject_age', 'value': 95.04000091552734, 'lower_bound': 51.101571202762315, 'upper_bound': 94.64241439147538}]"
SAC,478,19,"[{'variable': 'subject_age', 'value': 94.79000091552734, 'lower_bound': 51.101571202762315, 'upper_bound': 94.64241439147538}]"
SAC,480,8,"[{'variable': 'subject_age', 'value': 94.83000183105469, 'lower_bound': 51.101571202762315, 'upper_bound': 94.64241439147538}]"
SAC,481,7,"[{'variable': 'Fusiform', 'value': 8828.302734375, 'lower_bound': 8930.411846, 'upper_bound': 25693.10470195099}]"
SAC,487,20,"[{'variable': 'subject_age', 'value': 95.0199966430664, 'lower_bound': 51.101571202762315, 'upper_bound': 94.64241439147538}]"
SAC,490,16,"[{'variable': 'subject_age', 'value': 95.04000091552734, 'lower_bound': 51.101571202762315, 'upper_bound': 94.64241439147538}]"
SAC,496,7,"[{'variable': 'Ventricles', 'value': 112829.5, 'lower_bound': -27145.40207, 'upper_bound': 111488.9183929164}]"
A2C,0,0,"[{'variable': 'WholeBrain', 'value': 1359996.875, 'lower_bound': 680604.8749597732, 'upper_bound': 1346053.4112888516}]"
A2C,2,15,"[{'variable': 'Ventricles', 'value': 113815.5, 'lower_bound': -27145.40207, 'upper_bound': 111488.9183929164}]"
A2C,3,2,"[{'variable': 'Fusiform', 'value': 8855.6015625, 'lower_bound': 8930.411846, 'upper_bound': 25693.10470195099}]"
A2C,4,1,"[{'variable': 'Ventricles', 'value': 115008.5078125, 'lower_bound': -27145.40207, 'upper_bound': 111488.9183929164}]"
A2C,7,10,"[{'variable': 'Ventricles', 'value': 111908.828125, 'lower_bound': -27145.40207, 'upper_bound': 111488.9183929164}]"
A2C,9,5,"[{'variable': 'TAU_data', 'value': 677.5948486328125, 'lower_bound': -98.47862854, 'upper_bound': 671.9238390503378}]"
A2C,11,13,"[{'variable': 'Ventricles', 'value': 113697.6796875, 'lower_bound': -27145.40207, 'upper_bound': 111488.9183929164}]"
A2C,13,16,"[{'variable': 'Ventricles', 'value': 112024.25, 'lower_bound': -27145.40207, 'upper_bound': 111488.9183929164}]"
A2C,18,10,"[{'variable': 'subject_age', 'value': 94.72000122070312, 'lower_bound': 51.101571202762315, 'upper_bound': 94.64241439147538}]"
A2C,21,5,"[{'variable': 'TAU_data', 'value': 677.5948486328125, 'lower_bound': -98.47862854, 'upper_bound': 671.9238390503378}]"
A2C,23,17,"[{'variable': 'subject_age', 'value': 94.97000122070312, 'lower_bound': 51.101571202762315, 'upper_bound': 94.64241439147538}]"
A2C,30,4,"[{'variable': 'MidTemp', 'value': 9748.958984375, 'lower_bound': 10037.345003749057, 'upper_bound': 28777.614263053387}]"
A2C,31,2,"[{'variable': 'Ventricles', 'value': 115232.921875, 'lower_bound': -27145.40207, 'upper_bound': 111488.9183929164}]"
A2C,37,21,"[{'variable': 'WholeBrain', 'value': 1349819.375, 'lower_bound': 680604.8749597732, 'upper_bound': 1346053.4112888516}]"
A2C,43,20,"[{'variable': 'ADNI_MEM', 'value': 3.9680964946746826, 'lower_bound': -3.31908269, 'upper_bound': 3.966936642178734}]"
A2C,44,12,"[{'variable': 'MidTemp', 'value': 28869.55078125, 'lower_bound': 10037.345003749057, 'upper_bound': 28777.614263053387}]"
A2C,49,12,"[{'variable': 'ADNI_MEM', 'value': 3.984511613845825, 'lower_bound': -3.31908269, 'upper_bound': 3.966936642178734}]"
A2C,52,16,"[{'variable': 'MidTemp', 'value': 9981.2041015625, 'lower_bound': 10037.345003749057, 'upper_bound': 28777.614263053387}]"
A2C,55,8,"[{'variable': 'Entorhinal', 'value': 977.2656860351562, 'lower_bound': 987.6326533633978, 'upper_bound': 6120.5435177160325}]"
A2C,60,17,"[{'variable': 'subject_age', 'value': 95.08999633789062, 'lower_bound': 51.101571202762315, 'upper_bound': 94.64241439147538}]"
A2C,64,5,"[{'variable': 'MidTemp', 'value': 9745.5888671875, 'lower_bound': 10037.345003749057, 'upper_bound': 28777.614263053387}]"
A2C,66,6,"[{'variable': 'subject_age', 'value': 94.94999694824219, 'lower_bound': 51.101571202762315, 'upper_bound': 94.64241439147538}]"
A2C,72,1,"[{'variable': 'Ventricles', 'value': 113079.234375, 'lower_bound': -27145.40207, 'upper_bound': 111488.9183929164}]"
A2C,74,3,"[{'variable': 'Entorhinal', 'value': 898.7720336914062, 'lower_bound': 987.6326533633978, 'upper_bound': 6120.5435177160325}]"
A2C,79,19,"[{'variable': 'subject_age', 'value': 95.08999633789062, 'lower_bound': 51.101571202762315, 'upper_bound': 94.64241439147538}]"
A2C,84,19,"[{'variable': 'subject_age', 'value': 94.7699966430664, 'lower_bound': 51.101571202762315, 'upper_bound': 94.64241439147538}]"
A2C,90,9,"[{'variable': 'Ventricles', 'value': 112354.0, 'lower_bound': -27145.40207, 'upper_bound': 111488.9183929164}]"
A2C,92,17,"[{'variable': 'subject_age', 'value': 94.80999755859375, 'lower_bound': 51.101571202762315, 'upper_bound': 94.64241439147538}]"
A2C,93,21,"[{'variable': 'subject_age', 'value': 95.0199966430664, 'lower_bound': 51.101571202762315, 'upper_bound': 94.64241439147538}]"
A2C,94,18,"[{'variable': 'Fusiform', 'value': 25702.87890625, 'lower_bound': 8930.411846, 'upper_bound': 25693.10470195099}]"
A2C,97,0,"[{'variable': 'Ventricles', 'value': 119111.609375, 'lower_bound': -27145.40207, 'upper_bound': 111488.9183929164}, {'variable': 'ICV', 'value': 2061002.125, 'lower_bound': 1007825.0712592078, 'upper_bound': 2037697.0662990797}]"
A2C,102,20,"[{'variable': 'TAU_data', 'value': 675.73486328125, 'lower_bound': -98.47862854, 'upper_bound': 671.9238390503378}]"
A2C,103,5,"[{'variable': 'Entorhinal', 'value': 976.0736694335938, 'lower_bound': 987.6326533633978, 'upper_bound': 6120.5435177160325}]"
A2C,104,8,"[{'variable': 'subject_age', 'value': 94.80000305175781, 'lower_bound': 51.101571202762315, 'upper_bound': 94.64241439147538}]"
A2C,111,3,"[{'variable': 'TAU_data', 'value': 675.6021728515625, 'lower_bound': -98.47862854, 'upper_bound': 671.9238390503378}]"
A2C,113,18,"[{'variable': 'subject_age', 'value': 94.86000061035156, 'lower_bound': 51.101571202762315, 'upper_bound': 94.64241439147538}]"
A2C,114,4,"[{'variable': 'Ventricles', 'value': 114162.0, 'lower_bound': -27145.40207, 'upper_bound': 111488.9183929164}]"
A2C,116,16,"[{'variable': 'subject_age', 'value': 95.04000091552734, 'lower_bound': 51.101571202762315, 'upper_bound': 94.64241439147538}]"
A2C,118,15,"[{'variable': 'Fusiform', 'value': 25720.572265625, 'lower_bound': 8930.411846, 'upper_bound': 25693.10470195099}]"
A2C,127,4,"[{'variable': 'Ventricles', 'value': 114162.0, 'lower_bound': -27145.40207, 'upper_bound': 111488.9183929164}]"
A2C,129,2,"[{'variable': 'Ventricles', 'value': 112880.2265625, 'lower_bound': -27145.40207, 'upper_bound': 111488.9183929164}]"
A2C,130,0,"[{'variable': 'WholeBrain', 'value': 1434371.625, 'lower_bound': 680604.8749597732, 'upper_bound': 1346053.4112888516}, {'variable': 'ICV', 'value': 2069165.375, 'lower_bound': 1007825.0712592078, 'upper_bound': 2037697.0662990797}]"
A2C,132,2,"[{'variable': 'Ventricles', 'value': 115232.921875, 'lower_bound': -27145.40207, 'upper_bound': 111488.9183929164}]"
A2C,135,1,"[{'variable': 'Ventricles', 'value': 114984.078125, 'lower_bound': -27145.40207, 'upper_bound': 111488.9183929164}]"
A2C,136,14,"[{'variable': 'subject_age', 'value': 94.80000305175781, 'lower_bound': 51.101571202762315, 'upper_bound': 94.64241439147538}]"
A2C,141,9,"[{'variable': 'Ventricles', 'value': 113127.359375, 'lower_bound': -27145.40207, 'upper_bound': 111488.9183929164}]"
A2C,144,4,"[{'variable': 'TAU_data', 'value': 682.2359008789062, 'lower_bound': -98.47862854, 'upper_bound': 671.9238390503378}]"
A2C,150,7,"[{'variable': 'Hippocampus', 'value': 3036.1259765625, 'lower_bound': 3070.3752762371696, 'upper_bound': 10433.96150592905}]"
A2C,151,17,"[{'variable': 'Ventricles', 'value': 112547.234375, 'lower_bound': -27145.40207, 'upper_bound': 111488.9183929164}]"
A2C,156,17,"[{'variable': 'subject_age', 'value': 94.91999816894531, 'lower_bound': 51.101571202762315, 'upper_bound': 94.64241439147538}]"
A2C,157,8,"[{'variable': 'Ventricles', 'value': 112216.9765625, 'lower_bound': -27145.40207, 'upper_bound': 111488.9183929164}]"
A2C,161,13,"[{'variable': 'Entorhinal', 'value': 6121.20751953125, 'lower_bound': 987.6326533633978, 'upper_bound': 6120.5435177160325}]"
A2C,164,17,"[{'variable': 'subject_age', 'value': 94.80999755859375, 'lower_bound': 51.101571202762315, 'upper_bound': 94.64241439147538}]"
A2C,167,10,"[{'variable': 'Entorhinal', 'value': 920.0072021484375, 'lower_bound': 987.6326533633978, 'upper_bound': 6120.5435177160325}]"
A2C,169,0,"[{'variable': 'TAU_data', 'value': 766.5192260742188, 'lower_bound': -98.47862854, 'upper_bound': 671.9238390503378}]"
A2C,170,5,"[{'variable': 'Entorhinal', 'value': 6125.0517578125, 'lower_bound': 987.6326533633978, 'upper_bound': 6120.5435177160325}]"
A2C,172,17,"[{'variable': 'subject_age', 'value': 94.94999694824219, 'lower_bound': 51.101571202762315, 'upper_bound': 94.64241439147538}]"
A2C,179,0,"[{'variable': 'TAU_data', 'value': 676.1770629882812, 'lower_bound': -98.47862854, 'upper_bound': 671.9238390503378}]"
A2C,182,20,"[{'variable': 'subject_age', 'value': 94.9800033569336, 'lower_bound': 51.101571202762315, 'upper_bound': 94.64241439147538}]"
A2C,183,0,"[{'variable': 'TAU_data', 'value': 766.5192260742188, 'lower_bound': -98.47862854, 'upper_bound': 671.9238390503378}]"
A2C,184,6,"[{'variable': 'ADNI_MEM', 'value': 3.995333194732666, 'lower_bound': -3.31908269, 'upper_bound': 3.966936642178734}]"
A2C,187,14,"[{'variable': 'TAU_data', 'value': 676.9894409179688, 'lower_bound': -98.47862854, 'upper_bound': 671.9238390503378}]"
A2C,189,20,"[{'variable': 'TAU_data', 'value': 671.9864501953125, 'lower_bound': -98.47862854, 'upper_bound': 671.9238390503378}]"
A2C,190,5,"[{'variable': 'Ventricles', 'value': 113481.421875, 'lower_bound': -27145.40207, 'upper_bound': 111488.9183929164}]"
A2C,191,9,"[{'variable': 'Ventricles', 'value': 113127.359375, 'lower_bound': -27145.40207, 'upper_bound': 111488.9183929164}]"
A2C,192,4,"[{'variable': 'ADNI_MEM', 'value': 3.9833641052246094, 'lower_bound': -3.31908269, 'upper_bound': 3.966936642178734}]"
A2C,198,17,"[{'variable': 'Ventricles', 'value': 112292.4765625, 'lower_bound': -27145.40207, 'upper_bound': 111488.9183929164}]"
A2C,201,0,"[{'variable': 'Ventricles', 'value': 117637.4921875, 'lower_bound': -27145.40207, 'upper_bound': 111488.9183929164}]"
A2C,204,16,"[{'variable': 'MidTemp', 'value': 9780.064453125, 'lower_bound': 10037.345003749057, 'upper_bound': 28777.614263053387}]"
A2C,205,0,"[{'variable': 'Ventricles', 'value': 138269.875, 'lower_bound': -27145.40207, 'upper_bound': 111488.9183929164}, {'variable': 'ICV', 'value': 2340869.5, 'lower_bound': 1007825.0712592078, 'upper_bound': 2037697.0662990797}]"
A2C,206,5,"[{'variable': 'MidTemp', 'value': 10021.7607421875, 'lower_bound': 10037.345003749057, 'upper_bound': 28777.614263053387}]"
A2C,209,4,"[{'variable': 'MidTemp', 'value': 9755.9013671875, 'lower_bound': 10037.345003749057, 'upper_bound': 28777.614263053387}]"
A2C,210,0,"[{'variable': 'TAU_data', 'value': 769.0411987304688, 'lower_bound': -98.47862854, 'upper_bound': 671.9238390503378}]"
A2C,214,7,"[{'variable': 'subject_age', 'value': 94.86000061035156, 'lower_bound': 51.101571202762315, 'upper_bound': 94.64241439147538}]"
A2C,216,6,"[{'variable': 'Fusiform', 'value': 8688.6552734375, 'lower_bound': 8930.411846, 'upper_bound': 25693.10470195099}]"
A2C,217,4,"[{'variable': 'TAU_data', 'value': 682.2359008789062, 'lower_bound': -98.47862854, 'upper_bound': 671.9238390503378}]"
A2C,218,4,"[{'variable': 'ADNI_MEM', 'value': 3.9719583988189697, 'lower_bound': -3.31908269, 'upper_bound': 3.966936642178734}]"
A2C,223,1,"[{'variable': 'Ventricles', 'value': 113079.234375, 'lower_bound': -27145.40207, 'upper_bound': 111488.9183929164}]"
A2C,227,4,"[{'variable': 'Entorhinal', 'value': 891.0637817382812, 'lower_bound': 987.6326533633978, 'upper_bound': 6120.5435177160325}]"
A2C,228,5,"[{'variable': 'Entorhinal', 'value': 6125.0517578125, 'lower_bound': 987.6326533633978, 'upper_bound': 6120.5435177160325}]"
A2C,229,19,"[{'variable': 'subject_age', 'value': 94.87000274658203, 'lower_bound': 51.101571202762315, 'upper_bound': 94.64241439147538}]"
A2C,233,14,"[{'variable': 'MidTemp', 'value': 9887.755859375, 'lower_bound': 10037.345003749057, 'upper_bound': 28777.614263053387}]"
A2C,240,11,"[{'variable': 'Fusiform', 'value': 25844.138671875, 'lower_bound': 8930.411846, 'upper_bound': 25693.10470195099}]"
A2C,241,12,"[{'variable': 'Fusiform', 'value': 25776.890625, 'lower_bound': 8930.411846, 'upper_bound': 25693.10470195099}]"
A2C,243,0,"[{'variable': 'TAU_data', 'value': 769.0411987304688, 'lower_bound': -98.47862854, 'upper_bound': 671.9238390503378}]"
A2C,247,19,"[{'variable': 'subject_age', 'value': 94.79000091552734, 'lower_bound': 51.101571202762315, 'upper_bound': 94.64241439147538}]"
A2C,248,6,"[{'variable': 'Entorhinal', 'value': 861.697998046875, 'lower_bound': 987.6326533633978, 'upper_bound': 6120.5435177160325}]"
A2C,253,3,"[{'variable': 'Ventricles', 'value': 112774.71875, 'lower_bound': -27145.40207, 'upper_bound': 111488.9183929164}]"
A2C,254,15,"[{'variable': 'TAU_data', 'value': 674.4007568359375, 'lower_bound': -98.47862854, 'upper_bound': 671.9238390503378}]"
A2C,261,9,"[{'variable': 'TAU_data', 'value': 693.835693359375, 'lower_bound': -98.47862854, 'upper_bound': 671.9238390503378}]"
A2C,265,15,"[{'variable': 'subject_age', 'value': 94.80999755859375, 'lower_bound': 51.101571202762315, 'upper_bound': 94.64241439147538}]"
A2C,266,6,"[{'variable': 'Entorhinal', 'value': 861.697998046875, 'lower_bound': 987.6326533633978, 'upper_bound': 6120.5435177160325}]"
A2C,268,6,"[{'variable': 'MidTemp', 'value': 9585.1865234375, 'lower_bound': 10037.345003749057, 'upper_bound': 28777.614263053387}]"
A2C,269,13,"[{'variable': 'Fusiform', 'value': 25727.505859375, 'lower_bound': 8930.411846, 'upper_bound': 25693.10470195099}]"
A2C,271,17,"[{'variable': 'subject_age', 'value': 94.97000122070312, 'lower_bound': 51.101571202762315, 'upper_bound': 94.64241439147538}]"
A2C,273,17,"[{'variable': 'MidTemp', 'value': 10008.337890625, 'lower_bound': 10037.345003749057, 'upper_bound': 28777.614263053387}]"
A2C,274,6,"[{'variable': 'Hippocampus', 'value': 3030.17578125, 'lower_bound': 3070.3752762371696, 'upper_bound': 10433.96150592905}]"
A2C,276,8,"[{'variable': 'Ventricles', 'value': 115941.265625, 'lower_bound': -27145.40207, 'upper_bound': 111488.9183929164}]"
A2C,279,19,"[{'variable': 'subject_age', 'value': 94.87000274658203, 'lower_bound': 51.101571202762315, 'upper_bound': 94.64241439147538}]"
A2C,280,6,"[{'variable': 'Ventricles', 'value': 113568.328125, 'lower_bound': -27145.40207, 'upper_bound': 111488.9183929164}]"
A2C,285,16,"[{'variable': 'TAU_data', 'value': 676.9121704101562, 'lower_bound': -98.47862854, 'upper_bound': 671.9238390503378}, {'variable': 'MidTemp', 'value': 10029.890625, 'lower_bound': 10037.345003749057, 'upper_bound': 28777.614263053387}]"
A2C,289,6,"[{'variable': 'TAU_data', 'value': 687.9802856445312, 'lower_bound': -98.47862854, 'upper_bound': 671.9238390503378}]"
A2C,294,21,"[{'variable': 'subject_age', 'value': 94.76000213623047, 'lower_bound': 51.101571202762315, 'upper_bound': 94.64241439147538}]"
A2C,304,14,"[{'variable': 'TAU_data', 'value': 676.9894409179688, 'lower_bound': -98.47862854, 'upper_bound': 671.9238390503378}]"
A2C,306,20,"[{'variable': 'Ventricles', 'value': 114111.53125, 'lower_bound': -27145.40207, 'upper_bound': 111488.9183929164}]"
A2C,310,6,"[{'variable': 'ADNI_MEM', 'value': 3.9847028255462646, 'lower_bound': -3.31908269, 'upper_bound': 3.966936642178734}]"
A2C,312,0,"[{'variable': 'TAU_data', 'value': 764.2197875976562, 'lower_bound': -98.47862854, 'upper_bound': 671.9238390503378}]"
A2C,318,10,"[{'variable': 'subject_age', 'value': 95.13999938964844, 'lower_bound': 51.101571202762315, 'upper_bound': 94.64241439147538}]"
A2C,321,10,"[{'variable': 'subject_age', 'value': 94.6500015258789, 'lower_bound': 51.101571202762315, 'upper_bound': 94.64241439147538}]"
A2C,322,1,"[{'variable': 'Ventricles', 'value': 112703.8515625, 'lower_bound': -27145.40207, 'upper_bound': 111488.9183929164}]"
A2C,324,13,"[{'variable': 'Ventricles', 'value': 113591.78125, 'lower_bound': -27145.40207, 'upper_bound': 111488.9183929164}]"
A2C,325,4,"[{'variable': 'Ventricles', 'value': 114162.0, 'lower_bound': -27145.40207, 'upper_bound': 111488.9183929164}]"
A2C,328,20,"[{'variable': 'TAU_data', 'value': 674.5726928710938, 'lower_bound': -98.47862854, 'upper_bound': 671.9238390503378}]"
A2C,329,19,"[{'variable': 'subject_age', 'value': 94.83999633789062, 'lower_bound': 51.101571202762315, 'upper_bound': 94.64241439147538}]"
A2C,334,8,"[{'variable': 'subject_age', 'value': 94.83000183105469, 'lower_bound': 51.101571202762315, 'upper_bound': 94.64241439147538}]"
A2C,336,7,"[{'variable': 'Ventricles', 'value': 114775.15625, 'lower_bound': -27145.40207, 'upper_bound': 111488.9183929164}]"
A2C,338,0,"[{'variable': 'TAU_data', 'value': 709.5634765625, 'lower_bound': -98.47862854, 'upper_bound': 671.9238390503378}]"
A2C,345,17,"[{'variable': 'ICV', 'value': 1006751.875, 'lower_bound': 1007825.0712592078, 'upper_bound': 2037697.0662990797}]"
A2C,349,9,"[{'variable': 'Hippocampus', 'value': 3043.917236328125, 'lower_bound': 3070.3752762371696, 'upper_bound': 10433.96150592905}, {'variable': 'Entorhinal', 'value': 983.2560424804688, 'lower_bound': 987.6326533633978, 'upper_bound': 6120.5435177160325}]"
A2C,350,19,"[{'variable': 'Entorhinal', 'value': 6145.673828125, 'lower_bound': 987.6326533633978, 'upper_bound': 6120.5435177160325}]"
A2C,353,5,"[{'variable': 'Ventricles', 'value': 113989.6328125, 'lower_bound': -27145.40207, 'upper_bound': 111488.9183929164}]"
A2C,354,16,"[{'variable': 'subject_age', 'value': 95.04000091552734, 'lower_bound': 51.101571202762315, 'upper_bound': 94.64241439147538}]"
A2C,355,6,"[{'variable': 'ADNI_MEM', 'value': 3.9847028255462646, 'lower_bound': -3.31908269, 'upper_bound': 3.966936642178734}]"
A2C,356,19,"[{'variable': 'subject_age', 'value': 95.08000183105469, 'lower_bound': 51.101571202762315, 'upper_bound': 94.64241439147538}]"
A2C,363,2,"[{'variable': 'Ventricles', 'value': 115232.921875, 'lower_bound': -27145.40207, 'upper_bound': 111488.9183929164}]"
A2C,375,17,"[{'variable': 'Ventricles', 'value': 112547.234375, 'lower_bound': -27145.40207, 'upper_bound': 111488.9183929164}]"
A2C,382,0,"[{'variable': 'Ventricles', 'value': 123189.8828125, 'lower_bound': -27145.40207, 'upper_bound': 111488.9183929164}]"
A2C,386,20,"[{'variable': 'ADNI_MEM', 'value': 3.9680964946746826, 'lower_bound': -3.31908269, 'upper_bound': 3.966936642178734}]"
A2C,392,16,"[{'variable': 'subject_age', 'value': 94.86000061035156, 'lower_bound': 51.101571202762315, 'upper_bound': 94.64241439147538}]"
A2C,400,13,"[{'variable': 'Ventricles', 'value': 113697.6796875, 'lower_bound': -27145.40207, 'upper_bound': 111488.9183929164}]"
A2C,401,4,"[{'variable': 'MidTemp', 'value': 10012.31640625, 'lower_bound': 10037.345003749057, 'upper_bound': 28777.614263053387}]"
A2C,402,10,"[{'variable': 'Entorhinal', 'value': 920.0072021484375, 'lower_bound': 987.6326533633978, 'upper_bound': 6120.5435177160325}]"
A2C,405,19,"[{'variable': 'subject_age', 'value': 95.08000183105469, 'lower_bound': 51.101571202762315, 'upper_bound': 94.64241439147538}]"
A2C,410,20,"[{'variable': 'WholeBrain', 'value': 1348760.125, 'lower_bound': 680604.8749597732, 'upper_bound': 1346053.4112888516}]"
A2C,412,4,"[{'variable': 'TAU_data', 'value': 678.4281616210938, 'lower_bound': -98.47862854, 'upper_bound': 671.9238390503378}]"
A2C,415,6,"[{'variable': 'MidTemp', 'value': 9585.1865234375, 'lower_bound': 10037.345003749057, 'upper_bound': 28777.614263053387}]"
A2C,417,0,"[{'variable': 'MidTemp', 'value': 8543.2607421875, 'lower_bound': 10037.345003749057, 'upper_bound': 28777.614263053387}]"
A2C,419,18,"[{'variable': 'subject_age', 'value': 94.86000061035156, 'lower_bound': 51.101571202762315, 'upper_bound': 94.64241439147538}]"
A2C,421,18,"[{'variable': 'ICV', 'value': 1007491.625, 'lower_bound': 1007825.0712592078, 'upper_bound': 2037697.0662990797}]"
A2C,422,0,"[{'variable': 'TAU_data', 'value': 835.2525024414062, 'lower_bound': -98.47862854, 'upper_bound': 671.9238390503378}]"
A2C,430,17,"[{'variable': 'Entorhinal', 'value': 979.3113403320312, 'lower_bound': 987.6326533633978, 'upper_bound': 6120.5435177160325}]"
A2C,431,3,"[{'variable': 'Ventricles', 'value': 112199.3828125, 'lower_bound': -27145.40207, 'upper_bound': 111488.9183929164}]"
A2C,433,15,"[{'variable': 'subject_age', 'value': 94.80999755859375, 'lower_bound': 51.101571202762315, 'upper_bound': 94.64241439147538}]"
A2C,436,5,"[{'variable': 'Ventricles', 'value': 113989.6328125, 'lower_bound': -27145.40207, 'upper_bound': 111488.9183929164}]"
A2C,445,18,"[{'variable': 'subject_age', 'value': 94.8499984741211, 'lower_bound': 51.101571202762315, 'upper_bound': 94.64241439147538}]"
A2C,446,6,"[{'variable': 'Hippocampus', 'value': 3050.363525390625, 'lower_bound': 3070.3752762371696, 'upper_bound': 10433.96150592905}]"
A2C,450,11,"[{'variable': 'Fusiform', 'value': 25814.796875, 'lower_bound': 8930.411846, 'upper_bound': 25693.10470195099}]"
A2C,453,17,"[{'variable': 'Ventricles', 'value': 112292.4765625, 'lower_bound': -27145.40207, 'upper_bound': 111488.9183929164}]"
A2C,464,11,"[{'variable': 'Ventricles', 'value': 114509.640625, 'lower_bound': -27145.40207, 'upper_bound': 111488.9183929164}]"
A2C,468,0,"[{'variable': 'Ventricles', 'value': 119111.609375, 'lower_bound': -27145.40207, 'upper_bound': 111488.9183929164}, {'variable': 'ICV', 'value': 2061002.125, 'lower_bound': 1007825.0712592078, 'upper_bound': 2037697.0662990797}]"
A2C,470,8,"[{'variable': 'subject_age', 'value': 94.80000305175781, 'lower_bound': 51.101571202762315, 'upper_bound': 94.64241439147538}]"
A2C,472,7,"[{'variable': 'ADNI_MEM', 'value': 4.004122257232666, 'lower_bound': -3.31908269, 'upper_bound': 3.966936642178734}]"
A2C,473,15,"[{'variable': 'subject_age', 'value': 94.80999755859375, 'lower_bound': 51.101571202762315, 'upper_bound': 94.64241439147538}]"
A2C,477,9,"[{'variable': 'subject_age', 'value': 95.04000091552734, 'lower_bound': 51.101571202762315, 'upper_bound': 94.64241439147538}]"
A2C,478,19,"[{'variable': 'subject_age', 'value': 94.79000091552734, 'lower_bound': 51.101571202762315, 'upper_bound': 94.64241439147538}]"
A2C,480,8,"[{'variable': 'subject_age', 'value': 94.83000183105469, 'lower_bound': 51.101571202762315, 'upper_bound': 94.64241439147538}]"
A2C,481,1,"[{'variable': 'Fusiform', 'value': 8746.625, 'lower_bound': 8930.411846, 'upper_bound': 25693.10470195099}]"
A2C,487,20,"[{'variable': 'subject_age', 'value': 95.0199966430664, 'lower_bound': 51.101571202762315, 'upper_bound': 94.64241439147538}]"
A2C,488,17,"[{'variable': 'ICV', 'value': 1006751.875, 'lower_bound': 1007825.0712592078, 'upper_bound': 2037697.0662990797}]"
A2C,490,16,"[{'variable': 'subject_age', 'value': 95.04000091552734, 'lower_bound': 51.101571202762315, 'upper_bound': 94.64241439147538}]"
A2C,491,20,"[{'variable': 'Ventricles', 'value': 114111.53125, 'lower_bound': -27145.40207, 'upper_bound': 111488.9183929164}]"
A2C,496,5,"[{'variable': 'Ventricles', 'value': 113989.6328125, 'lower_bound': -27145.40207, 'upper_bound': 111488.9183929164}]"
Clinician,0,14,"[{'variable': 'WholeBrain', 'value': 1346935.125, 'lower_bound': 680604.8749597732, 'upper_bound': 1346053.4112888516}]"
Clinician,4,2,"[{'variable': 'Ventricles', 'value': 113086.4453125, 'lower_bound': -27145.40207, 'upper_bound': 111488.9183929164}]"
Clinician,7,12,"[{'variable': 'Ventricles', 'value': 113740.9609375, 'lower_bound': -27145.40207, 'upper_bound': 111488.9183929164}]"
Clinician,11,12,"[{'variable': 'Ventricles', 'value': 112195.4765625, 'lower_bound': -27145.40207, 'upper_bound': 111488.9183929164}]"
Clinician,13,17,"[{'variable': 'Ventricles', 'value': 112294.3828125, 'lower_bound': -27145.40207, 'upper_bound': 111488.9183929164}]"
Clinician,18,10,"[{'variable': 'subject_age', 'value': 94.72000122070312, 'lower_bound': 51.101571202762315, 'upper_bound': 94.64241439147538}]"
Clinician,23,17,"[{'variable': 'subject_age', 'value': 94.97000122070312, 'lower_bound': 51.101571202762315, 'upper_bound': 94.64241439147538}]"
Clinician,30,15,"[{'variable': 'MidTemp', 'value': 9918.0166015625, 'lower_bound': 10037.345003749057, 'upper_bound': 28777.614263053387}]"
Clinician,31,7,"[{'variable': 'Ventricles', 'value': 113626.96875, 'lower_bound': -27145.40207, 'upper_bound': 111488.9183929164}]"
Clinician,44,14,"[{'variable': 'Ventricles', 'value': 112794.328125, 'lower_bound': -27145.40207, 'upper_bound': 111488.9183929164}]"
Clinician,60,17,"[{'variable': 'subject_age', 'value': 95.08999633789062, 'lower_bound': 51.101571202762315, 'upper_bound': 94.64241439147538}]"
Clinician,62,20,"[{'variable': 'Ventricles', 'value': 111558.65625, 'lower_bound': -27145.40207, 'upper_bound': 111488.9183929164}]"
Clinician,64,16,"[{'variable': 'MidTemp', 'value': 9956.05859375, 'lower_bound': 10037.345003749057, 'upper_bound': 28777.614263053387}]"
Clinician,66,6,"[{'variable': 'subject_age', 'value': 94.94999694824219, 'lower_bound': 51.101571202762315, 'upper_bound': 94.64241439147538}]"
Clinician,72,1,"[{'variable': 'Ventricles', 'value': 111991.375, 'lower_bound': -27145.40207, 'upper_bound': 111488.9183929164}]"
Clinician,79,19,"[{'variable': 'subject_age', 'value': 95.08999633789062, 'lower_bound': 51.101571202762315, 'upper_bound': 94.64241439147538}]"
Clinician,84,19,"[{'variable': 'subject_age', 'value': 94.7699966430664, 'lower_bound': 51.101571202762315, 'upper_bound': 94.64241439147538}]"
Clinician,90,11,"[{'variable': 'Ventricles', 'value': 113253.8515625, 'lower_bound': -27145.40207, 'upper_bound': 111488.9183929164}]"
Clinician,92,17,"[{'variable': 'subject_age', 'value': 94.80999755859375, 'lower_bound': 51.101571202762315, 'upper_bound': 94.64241439147538}]"
Clinician,93,21,"[{'variable': 'subject_age', 'value': 95.0199966430664, 'lower_bound': 51.101571202762315, 'upper_bound': 94.64241439147538}]"
Clinician,97,0,"[{'variable': 'Ventricles', 'value': 114205.8203125, 'lower_bound': -27145.40207, 'upper_bound': 111488.9183929164}]"
Clinician,103,13,"[{'variable': 'Hippocampus', 'value': 3065.423095703125, 'lower_bound': 3070.3752762371696, 'upper_bound': 10433.96150592905}]"
Clinician,104,8,"[{'variable': 'subject_age', 'value': 94.80000305175781, 'lower_bound': 51.101571202762315, 'upper_bound': 94.64241439147538}]"
Clinician,111,7,"[{'variable': 'TAU_data', 'value': 677.082275390625, 'lower_bound': -98.47862854, 'upper_bound': 671.9238390503378}]"
Clinician,113,18,"[{'variable': 'subject_age', 'value': 94.86000061035156, 'lower_bound': 51.101571202762315, 'upper_bound': 94.64241439147538}]"
Clinician,114,7,"[{'variable': 'Ventricles', 'value': 113705.7265625, 'lower_bound': -27145.40207, 'upper_bound': 111488.9183929164}]"
Clinician,116,16,"[{'variable': 'subject_age', 'value': 95.04000091552734, 'lower_bound': 51.101571202762315, 'upper_bound': 94.64241439147538}]"
Clinician,117,11,"[{'variable': 'subject_age', 'value': 94.69999694824219, 'lower_bound': 51.101571202762315, 'upper_bound': 94.64241439147538}]"
Clinician,127,7,"[{'variable': 'Ventricles', 'value': 113994.515625, 'lower_bound': -27145.40207, 'upper_bound': 111488.9183929164}]"
Clinician,129,5,"[{'variable': 'Ventricles', 'value': 114048.6953125, 'lower_bound': -27145.40207, 'upper_bound': 111488.9183929164}]"
Clinician,130,0,"[{'variable': 'WholeBrain', 'value': 1408254.0, 'lower_bound': 680604.8749597732, 'upper_bound': 1346053.4112888516}, {'variable': 'ICV', 'value': 2048534.5, 'lower_bound': 1007825.0712592078, 'upper_bound': 2037697.0662990797}]"
Clinician,132,7,"[{'variable': 'Ventricles', 'value': 113569.6328125, 'lower_bound': -27145.40207, 'upper_bound': 111488.9183929164}]"
Clinician,135,4,"[{'variable': 'Ventricles', 'value': 112532.7109375, 'lower_bound': -27145.40207, 'upper_bound': 111488.9183929164}]"
Clinician,136,14,"[{'variable': 'subject_age', 'value': 94.80000305175781, 'lower_bound': 51.101571202762315, 'upper_bound': 94.64241439147538}]"
Clinician,141,13,"[{'variable': 'Ventricles', 'value': 113127.296875, 'lower_bound': -27145.40207, 'upper_bound': 111488.9183929164}]"
Clinician,144,17,"[{'variable': 'TAU_data', 'value': 675.2306518554688, 'lower_bound': -98.47862854, 'upper_bound': 671.9238390503378}]"
Clinician,151,15,"[{'variable': 'Ventricles', 'value': 111625.28125, 'lower_bound': -27145.40207, 'upper_bound': 111488.9183929164}]"
Clinician,156,17,"[{'variable': 'subject_age', 'value': 94.91999816894531, 'lower_bound': 51.101571202762315, 'upper_bound': 94.64241439147538}]"
Clinician,157,21,"[{'variable': 'Ventricles', 'value': 111773.84375, 'lower_bound': -27145.40207, 'upper_bound': 111488.9183929164}]"
Clinician,161,13,"[{'variable': 'Entorhinal', 'value': 6145.97265625, 'lower_bound': 987.6326533633978, 'upper_bound': 6120.5435177160325}]"
Clinician,164,17,"[{'variable': 'subject_age', 'value': 94.80999755859375, 'lower_bound': 51.101571202762315, 'upper_bound': 94.64241439147538}]"
Clinician,169,0,"[{'variable': 'TAU_data', 'value': 719.9714965820312, 'lower_bound': -98.47862854, 'upper_bound': 671.9238390503378}]"
Clinician,171,20,"[{'variable': 'subject_age', 'value': 94.93000030517578, 'lower_bound': 51.101571202762315, 'upper_bound': 94.64241439147538}]"
Clinician,172,17,"[{'variable': 'subject_age', 'value': 94.94999694824219, 'lower_bound': 51.101571202762315, 'upper_bound': 94.64241439147538}]"
Clinician,173,14,"[{'variable': 'TAU_data', 'value': 676.7577514648438, 'lower_bound': -98.47862854, 'upper_bound': 671.9238390503378}]"
Clinician,179,3,"[{'variable': 'TAU_data', 'value': 673.12744140625, 'lower_bound': -98.47862854, 'upper_bound': 671.9238390503378}]"
Clinician,182,20,"[{'variable': 'subject_age', 'value': 94.9800033569336, 'lower_bound': 51.101571202762315, 'upper_bound': 94.64241439147538}]"
Clinician,183,0,"[{'variable': 'TAU_data', 'value': 719.9714965820312, 'lower_bound': -98.47862854, 'upper_bound': 671.9238390503378}]"
Clinician,189,17,"[{'variable': 'TAU_data', 'value': 672.7870483398438, 'lower_bound': -98.47862854, 'upper_bound': 671.9238390503378}]"
Clinician,190,6,"[{'variable': 'Ventricles', 'value': 112418.53125, 'lower_bound': -27145.40207, 'upper_bound': 111488.9183929164}]"
Clinician,191,13,"[{'variable': 'Ventricles', 'value': 112933.046875, 'lower_bound': -27145.40207, 'upper_bound': 111488.9183929164}]"
Clinician,201,0,"[{'variable': 'Ventricles', 'value': 113386.8828125, 'lower_bound': -27145.40207, 'upper_bound': 111488.9183929164}]"
Clinician,205,0,"[{'variable': 'Ventricles', 'value': 136984.125, 'lower_bound': -27145.40207, 'upper_bound': 111488.9183929164}, {'variable': 'ICV', 'value': 2317815.75, 'lower_bound': 1007825.0712592078, 'upper_bound': 2037697.0662990797}]"
Clinician,206,18,"[{'variable': 'MidTemp', 'value': 10016.6123046875, 'lower_bound': 10037.345003749057, 'upper_bound': 28777.614263053387}]"
Clinician,209,15,"[{'variable': 'MidTemp', 'value': 9964.3974609375, 'lower_bound': 10037.345003749057, 'upper_bound': 28777.614263053387}]"
Clinician,210,0,"[{'variable': 'TAU_data', 'value': 776.4678955078125, 'lower_bound': -98.47862854, 'upper_bound': 671.9238390503378}]"
Clinician,214,7,"[{'variable': 'subject_age', 'value': 94.86000061035156, 'lower_bound': 51.101571202762315, 'upper_bound': 94.64241439147538}]"
Clinician,216,16,"[{'variable': 'Fusiform', 'value': 8830.60546875, 'lower_bound': 8930.411846, 'upper_bound': 25693.10470195099}]"
Clinician,217,17,"[{'variable': 'TAU_data', 'value': 674.4705200195312, 'lower_bound': -98.47862854, 'upper_bound': 671.9238390503378}]"
Clinician,222,19,"[{'variable': 'Ventricles', 'value': 112255.1640625, 'lower_bound': -27145.40207, 'upper_bound': 111488.9183929164}]"
Clinician,223,1,"[{'variable': 'Ventricles', 'value': 111991.375, 'lower_bound': -27145.40207, 'upper_bound': 111488.9183929164}]"
Clinician,229,19,"[{'variable': 'subject_age', 'value': 94.87000274658203, 'lower_bound': 51.101571202762315, 'upper_bound': 94.64241439147538}]"
Clinician,243,0,"[{'variable': 'TAU_data', 'value': 776.4678955078125, 'lower_bound': -98.47862854, 'upper_bound': 671.9238390503378}]"
Clinician,247,19,"[{'variable': 'subject_age', 'value': 94.79000091552734, 'lower_bound': 51.101571202762315, 'upper_bound': 94.64241439147538}]"
Clinician,253,8,"[{'variable': 'Ventricles', 'value': 112673.734375, 'lower_bound': -27145.40207, 'upper_bound': 111488.9183929164}]"
Clinician,265,15,"[{'variable': 'subject_age', 'value': 94.80999755859375, 'lower_bound': 51.101571202762315, 'upper_bound': 94.64241439147538}]"
Clinician,268,14,"[{'variable': 'MidTemp', 'value': 10010.763671875, 'lower_bound': 10037.345003749057, 'upper_bound': 28777.614263053387}]"
Clinician,271,17,"[{'variable': 'subject_age', 'value': 94.97000122070312, 'lower_bound': 51.101571202762315, 'upper_bound': 94.64241439147538}]"
Clinician,276,8,"[{'variable': 'Ventricles', 'value': 111987.5, 'lower_bound': -27145.40207, 'upper_bound': 111488.9183929164}]"
Clinician,279,19,"[{'variable': 'subject_age', 'value': 94.87000274658203, 'lower_bound': 51.101571202762315, 'upper_bound': 94.64241439147538}]"
Clinician,280,10,"[{'variable': 'Ventricles', 'value': 112351.015625, 'lower_bound': -27145.40207, 'upper_bound': 111488.9183929164}]"
Clinician,283,17,"[{'variable': 'Hippocampus', 'value': 3032.16650390625, 'lower_bound': 3070.3752762371696, 'upper_bound': 10433.96150592905}]"
Clinician,294,21,"[{'variable': 'subject_age', 'value': 94.76000213623047, 'lower_bound': 51.101571202762315, 'upper_bound': 94.64241439147538}]"
Clinician,308,21,"[{'variable': 'subject_age', 'value': 94.73999786376953, 'lower_bound': 51.101571202762315, 'upper_bound': 94.64241439147538}]"
Clinician,309,14,"[{'variable': 'ADNI_MEM', 'value': -3.461503744125366, 'lower_bound': -3.31908269, 'upper_bound': 3.966936642178734}]"
Clinician,311,21,"[{'variable': 'subject_age', 'value': 94.73999786376953, 'lower_bound': 51.101571202762315, 'upper_bound': 94.64241439147538}]"
Clinician,312,0,"[{'variable': 'TAU_data', 'value': 728.1604614257812, 'lower_bound': -98.47862854, 'upper_bound': 671.9238390503378}]"
Clinician,315,19,"[{'variable': 'Ventricles', 'value': 111768.65625, 'lower_bound': -27145.40207, 'upper_bound': 111488.9183929164}]"
Clinician,318,10,"[{'variable': 'subject_age', 'value': 95.13999938964844, 'lower_bound': 51.101571202762315, 'upper_bound': 94.64241439147538}]"
Clinician,321,10,"[{'variable': 'subject_age', 'value': 94.6500015258789, 'lower_bound': 51.101571202762315, 'upper_bound': 94.64241439147538}]"
Clinician,322,5,"[{'variable': 'Ventricles', 'value': 113568.140625, 'lower_bound': -27145.40207, 'upper_bound': 111488.9183929164}]"
Clinician,324,14,"[{'variable': 'Ventricles', 'value': 114817.5546875, 'lower_bound': -27145.40207, 'upper_bound': 111488.9183929164}]"
Clinician,325,7,"[{'variable': 'Ventricles', 'value': 114268.3984375, 'lower_bound': -27145.40207, 'upper_bound': 111488.9183929164}]"
Clinician,329,19,"[{'variable': 'subject_age', 'value': 94.83999633789062, 'lower_bound': 51.101571202762315, 'upper_bound': 94.64241439147538}]"
Clinician,334,8,"[{'variable': 'subject_age', 'value': 94.83000183105469, 'lower_bound': 51.101571202762315, 'upper_bound': 94.64241439147538}]"
Clinician,335,19,"[{'variable': 'Ventricles', 'value': 112255.1640625, 'lower_bound': -27145.40207, 'upper_bound': 111488.9183929164}]"
Clinician,336,8,"[{'variable': 'Ventricles', 'value': 112012.65625, 'lower_bound': -27145.40207, 'upper_bound': 111488.9183929164}]"
Clinician,338,0,"[{'variable': 'TAU_data', 'value': 674.1721801757812, 'lower_bound': -98.47862854, 'upper_bound': 671.9238390503378}]"
Clinician,353,8,"[{'variable': 'Ventricles', 'value': 111645.90625, 'lower_bound': -27145.40207, 'upper_bound': 111488.9183929164}]"
Clinician,354,16,"[{'variable': 'subject_age', 'value': 95.04000091552734, 'lower_bound': 51.101571202762315, 'upper_bound': 94.64241439147538}]"
Clinician,356,19,"[{'variable': 'subject_age', 'value': 95.08000183105469, 'lower_bound': 51.101571202762315, 'upper_bound': 94.64241439147538}]"
Clinician,363,7,"[{'variable': 'Ventricles', 'value': 113626.96875, 'lower_bound': -27145.40207, 'upper_bound': 111488.9183929164}]"
Clinician,375,15,"[{'variable': 'Ventricles', 'value': 111625.28125, 'lower_bound': -27145.40207, 'upper_bound': 111488.9183929164}]"
Clinician,382,0,"[{'variable': 'Ventricles', 'value': 119600.5546875, 'lower_bound': -27145.40207, 'upper_bound': 111488.9183929164}]"
Clinician,384,0,"[{'variable': 'TAU_data', 'value': 777.037109375, 'lower_bound': -98.47862854, 'upper_bound': 671.9238390503378}]"
Clinician,392,16,"[{'variable': 'subject_age', 'value': 94.86000061035156, 'lower_bound': 51.101571202762315, 'upper_bound': 94.64241439147538}]"
Clinician,400,12,"[{'variable': 'Ventricles', 'value': 111836.6015625, 'lower_bound': -27145.40207, 'upper_bound': 111488.9183929164}]"
Clinician,401,16,"[{'variable': 'MidTemp', 'value': 9954.0859375, 'lower_bound': 10037.345003749057, 'upper_bound': 28777.614263053387}]"
Clinician,405,19,"[{'variable': 'subject_age', 'value': 95.08000183105469, 'lower_bound': 51.101571202762315, 'upper_bound': 94.64241439147538}]"
Clinician,415,14,"[{'variable': 'MidTemp', 'value': 10010.763671875, 'lower_bound': 10037.345003749057, 'upper_bound': 28777.614263053387}]"
Clinician,417,0,"[{'variable': 'MidTemp', 'value': 9495.0966796875, 'lower_bound': 10037.345003749057, 'upper_bound': 28777.614263053387}]"
Clinician,419,18,"[{'variable': 'subject_age', 'value': 94.86000061035156, 'lower_bound': 51.101571202762315, 'upper_bound': 94.64241439147538}]"
Clinician,422,0,"[{'variable': 'TAU_data', 'value': 807.0682983398438, 'lower_bound': -98.47862854, 'upper_bound': 671.9238390503378}]"
Clinician,427,14,"[{'variable': 'ADNI_MEM', 'value': -3.4274790287017822, 'lower_bound': -3.31908269, 'upper_bound': 3.966936642178734}]"
Clinician,431,9,"[{'variable': 'Ventricles', 'value': 113257.1015625, 'lower_bound': -27145.40207, 'upper_bound': 111488.9183929164}]"
Clinician,433,15,"[{'variable': 'subject_age', 'value': 94.80999755859375, 'lower_bound': 51.101571202762315, 'upper_bound': 94.64241439147538}]"
Clinician,436,9,"[{'variable': 'Ventricles', 'value': 113031.5078125, 'lower_bound': -27145.40207, 'upper_bound': 111488.9183929164}]"
Clinician,445,18,"[{'variable': 'subject_age', 'value': 94.8499984741211, 'lower_bound': 51.101571202762315, 'upper_bound': 94.64241439147538}]"
Clinician,446,13,"[{'variable': 'subject_age', 'value': 94.8499984741211, 'lower_bound': 51.101571202762315, 'upper_bound': 94.64241439147538}]"
Clinician,464,11,"[{'variable': 'Ventricles', 'value': 116052.71875, 'lower_bound': -27145.40207, 'upper_bound': 111488.9183929164}]"
Clinician,468,0,"[{'variable': 'Ventricles', 'value': 114205.8203125, 'lower_bound': -27145.40207, 'upper_bound': 111488.9183929164}]"
Clinician,470,8,"[{'variable': 'subject_age', 'value': 94.80000305175781, 'lower_bound': 51.101571202762315, 'upper_bound': 94.64241439147538}]"
Clinician,473,15,"[{'variable': 'subject_age', 'value': 94.80999755859375, 'lower_bound': 51.101571202762315, 'upper_bound': 94.64241439147538}]"
Clinician,477,9,"[{'variable': 'subject_age', 'value': 95.04000091552734, 'lower_bound': 51.101571202762315, 'upper_bound': 94.64241439147538}]"
Clinician,478,19,"[{'variable': 'subject_age', 'value': 94.79000091552734, 'lower_bound': 51.101571202762315, 'upper_bound': 94.64241439147538}]"
Clinician,480,8,"[{'variable': 'subject_age', 'value': 94.83000183105469, 'lower_bound': 51.101571202762315, 'upper_bound': 94.64241439147538}]"
Clinician,481,6,"[{'variable': 'Fusiform', 'value': 8858.4814453125, 'lower_bound': 8930.411846, 'upper_bound': 25693.10470195099}]"
Clinician,487,20,"[{'variable': 'subject_age', 'value': 95.0199966430664, 'lower_bound': 51.101571202762315, 'upper_bound': 94.64241439147538}]"
Clinician,490,16,"[{'variable': 'subject_age', 'value': 95.04000091552734, 'lower_bound': 51.101571202762315, 'upper_bound': 94.64241439147538}]"
Clinician,496,8,"[{'variable': 'Ventricles', 'value': 111540.453125, 'lower_bound': -27145.40207, 'upper_bound': 111488.9183929164}]"
No Medication,0,19,"[{'variable': 'WholeBrain', 'value': 1349615.875, 'lower_bound': 680604.8749597732, 'upper_bound': 1346053.4112888516}]"
No Medication,4,2,"[{'variable': 'Ventricles', 'value': 112347.5, 'lower_bound': -27145.40207, 'upper_bound': 111488.9183929164}]"
No Medication,7,13,"[{'variable': 'Ventricles', 'value': 113765.6328125, 'lower_bound': -27145.40207, 'upper_bound': 111488.9183929164}]"
No Medication,9,18,"[{'variable': 'TAU_data', 'value': 689.5982055664062, 'lower_bound': -98.47862854, 'upper_bound': 671.9238390503378}]"
No Medication,11,11,"[{'variable': 'Ventricles', 'value': 111642.7109375, 'lower_bound': -27145.40207, 'upper_bound': 111488.9183929164}]"
No Medication,18,10,"[{'variable': 'subject_age', 'value': 94.72000122070312, 'lower_bound': 51.101571202762315, 'upper_bound': 94.64241439147538}]"
No Medication,21,18,"[{'variable': 'TAU_data', 'value': 689.5982055664062, 'lower_bound': -98.47862854, 'upper_bound': 671.9238390503378}]"
No Medication,23,17,"[{'variable': 'subject_age', 'value': 94.97000122070312, 'lower_bound': 51.101571202762315, 'upper_bound': 94.64241439147538}]"
No Medication,30,10,"[{'variable': 'MidTemp', 'value': 9997.2763671875, 'lower_bound': 10037.345003749057, 'upper_bound': 28777.614263053387}]"
No Medication,31,7,"[{'variable': 'Ventricles', 'value': 112628.3046875, 'lower_bound': -27145.40207, 'upper_bound': 111488.9183929164}]"
No Medication,44,14,"[{'variable': 'Ventricles', 'value': 111779.828125, 'lower_bound': -27145.40207, 'upper_bound': 111488.9183929164}]"
No Medication,60,17,"[{'variable': 'subject_age', 'value': 95.08999633789062, 'lower_bound': 51.101571202762315, 'upper_bound': 94.64241439147538}]"
No Medication,66,6,"[{'variable': 'subject_age', 'value': 94.94999694824219, 'lower_bound': 51.101571202762315, 'upper_bound': 94.64241439147538}]"
No Medication,72,2,"[{'variable': 'Ventricles', 'value': 113902.6875, 'lower_bound': -27145.40207, 'upper_bound': 111488.9183929164}]"
No Medication,79,19,"[{'variable': 'subject_age', 'value': 95.08999633789062, 'lower_bound': 51.101571202762315, 'upper_bound': 94.64241439147538}]"
No Medication,84,19,"[{'variable': 'subject_age', 'value': 94.7699966430664, 'lower_bound': 51.101571202762315, 'upper_bound': 94.64241439147538}]"
No Medication,90,12,"[{'variable': 'Ventricles', 'value': 111923.8125, 'lower_bound': -27145.40207, 'upper_bound': 111488.9183929164}]"
No Medication,92,17,"[{'variable': 'subject_age', 'value': 94.80999755859375, 'lower_bound': 51.101571202762315, 'upper_bound': 94.64241439147538}]"
No Medication,93,21,"[{'variable': 'subject_age', 'value': 95.0199966430664, 'lower_bound': 51.101571202762315, 'upper_bound': 94.64241439147538}]"
No Medication,97,0,"[{'variable': 'Ventricles', 'value': 113896.8828125, 'lower_bound': -27145.40207, 'upper_bound': 111488.9183929164}]"
No Medication,103,7,"[{'variable': 'Hippocampus', 'value': 3062.382080078125, 'lower_bound': 3070.3752762371696, 'upper_bound': 10433.96150592905}]"
No Medication,104,8,"[{'variable': 'subject_age', 'value': 94.80000305175781, 'lower_bound': 51.101571202762315, 'upper_bound': 94.64241439147538}]"
No Medication,111,7,"[{'variable': 'TAU_data', 'value': 689.9769897460938, 'lower_bound': -98.47862854, 'upper_bound': 671.9238390503378}]"
No Medication,113,18,"[{'variable': 'subject_age', 'value': 94.86000061035156, 'lower_bound': 51.101571202762315, 'upper_bound': 94.64241439147538}]"
No Medication,114,7,"[{'variable': 'Ventricles', 'value': 113185.2109375, 'lower_bound': -27145.40207, 'upper_bound': 111488.9183929164}]"
No Medication,116,16,"[{'variable': 'subject_age', 'value': 95.04000091552734, 'lower_bound': 51.101571202762315, 'upper_bound': 94.64241439147538}]"
No Medication,117,11,"[{'variable': 'subject_age', 'value': 94.69999694824219, 'lower_bound': 51.101571202762315, 'upper_bound': 94.64241439147538}]"
No Medication,127,7,"[{'variable': 'Ventricles', 'value': 113185.2109375, 'lower_bound': -27145.40207, 'upper_bound': 111488.9183929164}]"
No Medication,129,5,"[{'variable': 'Ventricles', 'value': 113179.609375, 'lower_bound': -27145.40207, 'upper_bound': 111488.9183929164}]"
No Medication,130,0,"[{'variable': 'WholeBrain', 'value': 1405990.625, 'lower_bound': 680604.8749597732, 'upper_bound': 1346053.4112888516}, {'variable': 'ICV', 'value': 2038654.5, 'lower_bound': 1007825.0712592078, 'upper_bound': 2037697.0662990797}]"
No Medication,132,7,"[{'variable': 'Ventricles', 'value': 112628.3046875, 'lower_bound': -27145.40207, 'upper_bound': 111488.9183929164}]"
No Medication,135,4,"[{'variable': 'Ventricles', 'value': 111909.6953125, 'lower_bound': -27145.40207, 'upper_bound': 111488.9183929164}]"
No Medication,136,14,"[{'variable': 'subject_age', 'value': 94.80000305175781, 'lower_bound': 51.101571202762315, 'upper_bound': 94.64241439147538}]"
No Medication,141,13,"[{'variable': 'Ventricles', 'value': 112197.1015625, 'lower_bound': -27145.40207, 'upper_bound': 111488.9183929164}]"
No Medication,150,17,"[{'variable': 'Hippocampus', 'value': 3032.201171875, 'lower_bound': 3070.3752762371696, 'upper_bound': 10433.96150592905}]"
No Medication,151,16,"[{'variable': 'Ventricles', 'value': 111707.8515625, 'lower_bound': -27145.40207, 'upper_bound': 111488.9183929164}]"
No Medication,156,17,"[{'variable': 'subject_age', 'value': 94.91999816894531, 'lower_bound': 51.101571202762315, 'upper_bound': 94.64241439147538}]"
No Medication,161,15,"[{'variable': 'Entorhinal', 'value': 6149.67236328125, 'lower_bound': 987.6326533633978, 'upper_bound': 6120.5435177160325}]"
No Medication,164,17,"[{'variable': 'subject_age', 'value': 94.80999755859375, 'lower_bound': 51.101571202762315, 'upper_bound': 94.64241439147538}]"
No Medication,169,0,"[{'variable': 'TAU_data', 'value': 721.7037353515625, 'lower_bound': -98.47862854, 'upper_bound': 671.9238390503378}]"
No Medication,170,18,"[{'variable': 'Entorhinal', 'value': 6121.33984375, 'lower_bound': 987.6326533633978, 'upper_bound': 6120.5435177160325}]"
No Medication,171,20,"[{'variable': 'subject_age', 'value': 94.93000030517578, 'lower_bound': 51.101571202762315, 'upper_bound': 94.64241439147538}]"
No Medication,172,17,"[{'variable': 'subject_age', 'value': 94.94999694824219, 'lower_bound': 51.101571202762315, 'upper_bound': 94.64241439147538}]"
No Medication,173,13,"[{'variable': 'TAU_data', 'value': 674.42626953125, 'lower_bound': -98.47862854, 'upper_bound': 671.9238390503378}]"
No Medication,179,4,"[{'variable': 'TAU_data', 'value': 677.85302734375, 'lower_bound': -98.47862854, 'upper_bound': 671.9238390503378}]"
No Medication,182,20,"[{'variable': 'subject_age', 'value': 94.9800033569336, 'lower_bound': 51.101571202762315, 'upper_bound': 94.64241439147538}]"
No Medication,183,0,"[{'variable': 'TAU_data', 'value': 721.7037353515625, 'lower_bound': -98.47862854, 'upper_bound': 671.9238390503378}]"
No Medication,189,17,"[{'variable': 'TAU_data', 'value': 673.83984375, 'lower_bound': -98.47862854, 'upper_bound': 671.9238390503378}]"
No Medication,190,6,"[{'variable': 'Ventricles', 'value': 113996.984375, 'lower_bound': -27145.40207, 'upper_bound': 111488.9183929164}]"
No Medication,191,13,"[{'variable': 'Ventricles', 'value': 112197.1015625, 'lower_bound': -27145.40207, 'upper_bound': 111488.9183929164}]"
No Medication,201,0,"[{'variable': 'Ventricles', 'value': 113132.375, 'lower_bound': -27145.40207, 'upper_bound': 111488.9183929164}]"
No Medication,205,0,"[{'variable': 'Ventricles', 'value': 134477.484375, 'lower_bound': -27145.40207, 'upper_bound': 111488.9183929164}, {'variable': 'ICV', 'value': 2293155.75, 'lower_bound': 1007825.0712592078, 'upper_bound': 2037697.0662990797}]"
No Medication,206,16,"[{'variable': 'MidTemp', 'value': 9937.62109375, 'lower_bound': 10037.345003749057, 'upper_bound': 28777.614263053387}]"
No Medication,209,14,"[{'variable': 'MidTemp', 'value': 9950.32421875, 'lower_bound': 10037.345003749057, 'upper_bound': 28777.614263053387}]"
No Medication,210,0,"[{'variable': 'TAU_data', 'value': 771.3798828125, 'lower_bound': -98.47862854, 'upper_bound': 671.9238390503378}]"
No Medication,214,7,"[{'variable': 'subject_age', 'value': 94.86000061035156, 'lower_bound': 51.101571202762315, 'upper_bound': 94.64241439147538}]"
No Medication,223,2,"[{'variable': 'Ventricles', 'value': 113902.6875, 'lower_bound': -27145.40207, 'upper_bound': 111488.9183929164}]"
No Medication,228,18,"[{'variable': 'Entorhinal', 'value': 6121.33984375, 'lower_bound': 987.6326533633978, 'upper_bound': 6120.5435177160325}]"
No Medication,229,19,"[{'variable': 'subject_age', 'value': 94.87000274658203, 'lower_bound': 51.101571202762315, 'upper_bound': 94.64241439147538}]"
No Medication,243,0,"[{'variable': 'TAU_data', 'value': 771.3798828125, 'lower_bound': -98.47862854, 'upper_bound': 671.9238390503378}]"
No Medication,247,19,"[{'variable': 'subject_age', 'value': 94.79000091552734, 'lower_bound': 51.101571202762315, 'upper_bound': 94.64241439147538}]"
No Medication,253,9,"[{'variable': 'Ventricles', 'value': 116103.421875, 'lower_bound': -27145.40207, 'upper_bound': 111488.9183929164}]"
No Medication,254,14,"[{'variable': 'ADNI_MEM', 'value': -3.4194271564483643, 'lower_bound': -3.31908269, 'upper_bound': 3.966936642178734}]"
No Medication,265,15,"[{'variable': 'subject_age', 'value': 94.80999755859375, 'lower_bound': 51.101571202762315, 'upper_bound': 94.64241439147538}]"
No Medication,268,11,"[{'variable': 'MidTemp', 'value': 9927.712890625, 'lower_bound': 10037.345003749057, 'upper_bound': 28777.614263053387}]"
No Medication,271,17,"[{'variable': 'subject_age', 'value': 94.97000122070312, 'lower_bound': 51.101571202762315, 'upper_bound': 94.64241439147538}]"
No Medication,276,9,"[{'variable': 'Ventricles', 'value': 113327.6640625, 'lower_bound': -27145.40207, 'upper_bound': 111488.9183929164}]"
No Medication,279,19,"[{'variable': 'subject_age', 'value': 94.87000274658203, 'lower_bound': 51.101571202762315, 'upper_bound': 94.64241439147538}]"
No Medication,280,10,"[{'variable': 'Ventricles', 'value': 112467.8828125, 'lower_bound': -27145.40207, 'upper_bound': 111488.9183929164}]"
No Medication,283,13,"[{'variable': 'Hippocampus', 'value': 3054.861328125, 'lower_bound': 3070.3752762371696, 'upper_bound': 10433.96150592905}]"
No Medication,286,15,"[{'variable': 'Hippocampus', 'value': 2996.318115234375, 'lower_bound': 3070.3752762371696, 'upper_bound': 10433.96150592905}]"
No Medication,294,21,"[{'variable': 'subject_age', 'value': 94.76000213623047, 'lower_bound': 51.101571202762315, 'upper_bound': 94.64241439147538}]"
No Medication,308,21,"[{'variable': 'subject_age', 'value': 94.73999786376953, 'lower_bound': 51.101571202762315, 'upper_bound': 94.64241439147538}]"
No Medication,309,13,"[{'variable': 'ADNI_MEM', 'value': -3.3988900184631348, 'lower_bound': -3.31908269, 'upper_bound': 3.966936642178734}]"
No Medication,311,21,"[{'variable': 'subject_age', 'value': 94.73999786376953, 'lower_bound': 51.101571202762315, 'upper_bound': 94.64241439147538}]"
No Medication,312,0,"[{'variable': 'TAU_data', 'value': 735.1461181640625, 'lower_bound': -98.47862854, 'upper_bound': 671.9238390503378}]"
No Medication,318,10,"[{'variable': 'subject_age', 'value': 95.13999938964844, 'lower_bound': 51.101571202762315, 'upper_bound': 94.64241439147538}]"
No Medication,321,10,"[{'variable': 'subject_age', 'value': 94.6500015258789, 'lower_bound': 51.101571202762315, 'upper_bound': 94.64241439147538}]"
No Medication,322,5,"[{'variable': 'Ventricles', 'value': 113480.25, 'lower_bound': -27145.40207, 'upper_bound': 111488.9183929164}]"
No Medication,324,14,"[{'variable': 'Ventricles', 'value': 114890.6015625, 'lower_bound': -27145.40207, 'upper_bound': 111488.9183929164}]"
No Medication,325,7,"[{'variable': 'Ventricles', 'value': 113185.2109375, 'lower_bound': -27145.40207, 'upper_bound': 111488.9183929164}]"
No Medication,329,19,"[{'variable': 'subject_age', 'value': 94.83999633789062, 'lower_bound': 51.101571202762315, 'upper_bound': 94.64241439147538}]"
No Medication,334,8,"[{'variable': 'subject_age', 'value': 94.83000183105469, 'lower_bound': 51.101571202762315, 'upper_bound': 94.64241439147538}]"
No Medication,336,9,"[{'variable': 'Ventricles', 'value': 112944.3984375, 'lower_bound': -27145.40207, 'upper_bound': 111488.9183929164}]"
No Medication,338,0,"[{'variable': 'TAU_data', 'value': 684.7671508789062, 'lower_bound': -98.47862854, 'upper_bound': 671.9238390503378}]"
No Medication,353,9,"[{'variable': 'Ventricles', 'value': 112377.3828125, 'lower_bound': -27145.40207, 'upper_bound': 111488.9183929164}]"
No Medication,354,16,"[{'variable': 'subject_age', 'value': 95.04000091552734, 'lower_bound': 51.101571202762315, 'upper_bound': 94.64241439147538}]"
No Medication,356,19,"[{'variable': 'subject_age', 'value': 95.08000183105469, 'lower_bound': 51.101571202762315, 'upper_bound': 94.64241439147538}]"
No Medication,363,7,"[{'variable': 'Ventricles', 'value': 112628.3046875, 'lower_bound': -27145.40207, 'upper_bound': 111488.9183929164}]"
No Medication,375,16,"[{'variable': 'Ventricles', 'value': 111707.8515625, 'lower_bound': -27145.40207, 'upper_bound': 111488.9183929164}]"
No Medication,382,0,"[{'variable': 'Ventricles', 'value': 119144.1796875, 'lower_bound': -27145.40207, 'upper_bound': 111488.9183929164}]"
No Medication,384,0,"[{'variable': 'TAU_data', 'value': 775.5407104492188, 'lower_bound': -98.47862854, 'upper_bound': 671.9238390503378}]"
No Medication,392,16,"[{'variable': 'subject_age', 'value': 94.86000061035156, 'lower_bound': 51.101571202762315, 'upper_bound': 94.64241439147538}]"
No Medication,400,11,"[{'variable': 'Ventricles', 'value': 111642.7109375, 'lower_bound': -27145.40207, 'upper_bound': 111488.9183929164}]"
No Medication,401,14,"[{'variable': 'MidTemp', 'value': 10030.3828125, 'lower_bound': 10037.345003749057, 'upper_bound': 28777.614263053387}]"
No Medication,405,19,"[{'variable': 'subject_age', 'value': 95.08000183105469, 'lower_bound': 51.101571202762315, 'upper_bound': 94.64241439147538}]"
No Medication,415,11,"[{'variable': 'MidTemp', 'value': 9927.712890625, 'lower_bound': 10037.345003749057, 'upper_bound': 28777.614263053387}]"
No Medication,417,0,"[{'variable': 'MidTemp', 'value': 9374.2529296875, 'lower_bound': 10037.345003749057, 'upper_bound': 28777.614263053387}]"
No Medication,419,18,"[{'variable': 'subject_age', 'value': 94.86000061035156, 'lower_bound': 51.101571202762315, 'upper_bound': 94.64241439147538}]"
No Medication,422,0,"[{'variable': 'TAU_data', 'value': 813.5936889648438, 'lower_bound': -98.47862854, 'upper_bound': 671.9238390503378}]"
No Medication,427,13,"[{'variable': 'ADNI_MEM', 'value': -3.5258708000183105, 'lower_bound': -3.31908269, 'upper_bound': 3.966936642178734}]"
No Medication,431,8,"[{'variable': 'Ventricles', 'value': 112042.90625, 'lower_bound': -27145.40207, 'upper_bound': 111488.9183929164}]"
No Medication,433,15,"[{'variable': 'subject_age', 'value': 94.80999755859375, 'lower_bound': 51.101571202762315, 'upper_bound': 94.64241439147538}]"
No Medication,436,9,"[{'variable': 'Ventricles', 'value': 112377.3828125, 'lower_bound': -27145.40207, 'upper_bound': 111488.9183929164}]"
No Medication,445,18,"[{'variable': 'subject_age', 'value': 94.8499984741211, 'lower_bound': 51.101571202762315, 'upper_bound': 94.64241439147538}]"
No Medication,446,13,"[{'variable': 'subject_age', 'value': 94.8499984741211, 'lower_bound': 51.101571202762315, 'upper_bound': 94.64241439147538}]"
No Medication,464,12,"[{'variable': 'Ventricles', 'value': 117102.8984375, 'lower_bound': -27145.40207, 'upper_bound': 111488.9183929164}]"
No Medication,468,0,"[{'variable': 'Ventricles', 'value': 113896.8828125, 'lower_bound': -27145.40207, 'upper_bound': 111488.9183929164}]"
No Medication,470,8,"[{'variable': 'subject_age', 'value': 94.80000305175781, 'lower_bound': 51.101571202762315, 'upper_bound': 94.64241439147538}]"
No Medication,473,15,"[{'variable': 'subject_age', 'value': 94.80999755859375, 'lower_bound': 51.101571202762315, 'upper_bound': 94.64241439147538}]"
No Medication,477,9,"[{'variable': 'subject_age', 'value': 95.04000091552734, 'lower_bound': 51.101571202762315, 'upper_bound': 94.64241439147538}]"
No Medication,478,19,"[{'variable': 'subject_age', 'value': 94.79000091552734, 'lower_bound': 51.101571202762315, 'upper_bound': 94.64241439147538}]"
No Medication,480,8,"[{'variable': 'subject_age', 'value': 94.83000183105469, 'lower_bound': 51.101571202762315, 'upper_bound': 94.64241439147538}]"
No Medication,481,6,"[{'variable': 'Fusiform', 'value': 8741.896484375, 'lower_bound': 8930.411846, 'upper_bound': 25693.10470195099}]"
No Medication,487,20,"[{'variable': 'subject_age', 'value': 95.0199966430664, 'lower_bound': 51.101571202762315, 'upper_bound': 94.64241439147538}]"
No Medication,490,16,"[{'variable': 'subject_age', 'value': 95.04000091552734, 'lower_bound': 51.101571202762315, 'upper_bound': 94.64241439147538}]"
No Medication,496,9,"[{'variable': 'Ventricles', 'value': 112377.3828125, 'lower_bound': -27145.40207, 'upper_bound': 111488.9183929164}]"
